NAME_ENGL,ISO3_CODE,pillar_num,pillar_txt,type,title,publisher,url,version
Algeria,DZA,1,Connectivity and infrastructure,Analysis,Resilience & infrastructure,Internet Society,https://pulse.internetsociety.org/en/reports/DZ,2
Algeria,DZA,4,Trust and resilience,Analysis,Internet resilience,Internet Society,https://pulse.internetsociety.org/en/resilience/DZ,2
Algeria,DZA,2,Rights and freedoms,Analysis,Digital rights,Freedom House,https://freedomhouse.org/country/bangladesh/freedom-net/2024,2
Algeria,DZA,1,Connectivity and infrastructure,Analysis,Mobile connectivity enablers,GSMA,https://www.mobileconnectivityindex.com/assets/excelData/MCI_data_2025.xlsx,2
Algeria,DZA,1,Connectivity and infrastructure,Analysis,Mobile internet trends,GSMA,https://www.gsma.com/r/somic/,2
Algeria,DZA,1,Connectivity and infrastructure,Analysis,Global indicators & benchmarks,ITU,https://www.itu.int/en/ITU-D/Statistics/pages/facts/default.aspx,2
Algeria,DZA,3,Responsibility and sustainability,Analysis,Digital economy & governance,World Bank,https://www.worldbank.org/en/publication/digital-progress-and-trends-report,2
Algeria,DZA,4,Trust and resilience,Analysis,Shutdowns,Access Now,https://www.accessnow.org/wp-content/uploads/2025/02/KeepItOn-2024-Internet-Shutdowns-Annual-Report.pdf,2
Algeria,DZA,2,Rights and freedoms,Analysis,Network disruptions & censorship,NetBlocks,https://netblocks.org/reports,2
Algeria,DZA,2,Rights and freedoms,Analysis,LONDA: Digital Rights in Africa,Paradigm Initiative,https://paradigmhq.org/londa/,3
Algeria,DZA,2,Rights and freedoms,Analysis,State of Internet Freedom in Africa 2023,CIPESA,https://cipesa.org/download/reports/SIFA23_Report.pdf,3
Andorra,DZA,3,Responsibility and sustainability,Analysis,Trends & governance,Internet Society,https://www.internetsociety.org/globalinternetreport/,2
Angola,AGO,1,Connectivity and infrastructure,Analysis,Resilience & infrastructure,Internet Society,https://pulse.internetsociety.org/en/reports/AO,3
Angola,AGO,4,Trust and resilience,Analysis,Internet resilience,Internet Society,https://pulse.internetsociety.org/en/resilience/AO,3
Angola,AGO,1,Connectivity and infrastructure,Analysis,Mobile connectivity enablers,GSMA,https://www.mobileconnectivityindex.com/assets/excelData/MCI_data_2025.xlsx,3
Angola,AGO,1,Connectivity and infrastructure,Analysis,Mobile internet trends,GSMA,https://www.gsma.com/r/somic/,3
Angola,AGO,1,Connectivity and infrastructure,Analysis,Global indicators & benchmarks,ITU,https://www.itu.int/en/ITU-D/Statistics/pages/facts/default.aspx,3
Angola,AGO,3,Responsibility and sustainability,Analysis,Digital economy & governance,World Bank,https://www.worldbank.org/en/publication/digital-progress-and-trends-report,3
Angola,AGO,4,Trust and resilience,Analysis,Shutdowns,Access Now,https://www.accessnow.org/wp-content/uploads/2025/02/KeepItOn-2024-Internet-Shutdowns-Annual-Report.pdf,3
Angola,AGO,2,Rights and freedoms,Analysis,Network disruptions & censorship,NetBlocks,https://netblocks.org/reports,3
Argentina,ARG,2,Rights and freedoms,Source,Public Information Law (Argentina),BCRA,https://www.bcra.gob.ar/Institucional/Acceso_Informacion-i.asp,1
Argentina,ARG,4,Trust and resilience,Source,Public Information Law (Argentina),BCRA,https://www.bcra.gob.ar/Institucional/Acceso_Informacion-i.asp,1
Argentina,ARG,1,Connectivity and infrastructure,Analysis,Resilience & infrastructure,Internet Society,https://pulse.internetsociety.org/en/reports/AR,2
Argentina,ARG,4,Trust and resilience,Analysis,Internet resilience,Internet Society,https://pulse.internetsociety.org/en/resilience/AR,2
Argentina,ARG,2,Rights and freedoms,Analysis,Digital rights,Freedom House,https://freedomhouse.org/country/argentina/freedom-net/2024,2
Argentina,ARG,1,Connectivity and infrastructure,Analysis,Mobile connectivity enablers,GSMA,https://www.mobileconnectivityindex.com/assets/excelData/MCI_data_2025.xlsx,2
Argentina,ARG,1,Connectivity and infrastructure,Analysis,Mobile internet trends,GSMA,https://www.gsma.com/r/somic/,2
Argentina,ARG,1,Connectivity and infrastructure,Analysis,Global indicators & benchmarks,ITU,https://www.itu.int/en/ITU-D/Statistics/pages/facts/default.aspx,2
Argentina,ARG,3,Responsibility and sustainability,Analysis,Digital economy & governance,World Bank,https://www.worldbank.org/en/publication/digital-progress-and-trends-report,2
Argentina,ARG,4,Trust and resilience,Analysis,Shutdowns,Access Now,https://www.accessnow.org/wp-content/uploads/2025/02/KeepItOn-2024-Internet-Shutdowns-Annual-Report.pdf,2
Argentina,ARG,2,Rights and freedoms,Analysis,Network disruptions & censorship,NetBlocks,https://netblocks.org/reports,2
Argentina,ARG,3,Responsibility and sustainability,Analysis,Trends & governance,Internet Society,https://www.internetsociety.org/globalinternetreport/,2
Argentina,ARG,3,Responsibility and sustainability,Analysis,Data protection & ISP transparency,ADC,https://adc.org.ar/wp-content/uploads/2023/03/ADC-Informe-Quen-defiende-tus-datos.pdf,2
Australia,AUS,2,Rights and freedoms,Source,Online Safety Act (Australia),Government,https://www.infrastructure.gov.au/media-technology-communications/internet/online-safety/current-legislation,1
Australia,AUS,1,Connectivity and infrastructure,Analysis,Resilience & infrastructure,Internet Society,https://pulse.internetsociety.org/en/reports/AU,2
Australia,AUS,4,Trust and resilience,Analysis,Internet resilience,Internet Society,https://pulse.internetsociety.org/en/resilience/AU,2
Australia,AUS,2,Rights and freedoms,Analysis,Digital rights,Freedom House,https://freedomhouse.org/country/australia/freedom-net/2024,2
Australia,AUS,1,Connectivity and infrastructure,Analysis,Mobile connectivity enablers,GSMA,https://www.mobileconnectivityindex.com/assets/excelData/MCI_data_2025.xlsx,2
Australia,AUS,1,Connectivity and infrastructure,Analysis,Mobile internet trends,GSMA,https://www.gsma.com/r/somic/,2
Australia,AUS,1,Connectivity and infrastructure,Analysis,Global indicators & benchmarks,ITU,https://www.itu.int/en/ITU-D/Statistics/pages/facts/default.aspx,2
Australia,AUS,3,Responsibility and sustainability,Analysis,Digital economy & governance,World Bank,https://www.worldbank.org/en/publication/digital-progress-and-trends-report,2
Australia,AUS,4,Trust and resilience,Analysis,Shutdowns,Access Now,https://www.accessnow.org/wp-content/uploads/2025/02/KeepItOn-2024-Internet-Shutdowns-Annual-Report.pdf,2
Australia,AUS,2,Rights and freedoms,Analysis,Network disruptions & censorship,NetBlocks,https://netblocks.org/reports,2
Australia,AUS,4,Trust and resilience,Source,Online Safety Act (Australia),Government,https://www.infrastructure.gov.au/media-technology-communications/internet/online-safety/current-legislation,1
Australia,AUS,3,Responsibility and sustainability,Analysis,Trends & governance,Internet Society,https://www.internetsociety.org/globalinternetreport/,NA
Australia,AUS,3,Responsibility and sustainability,Analysis,AI governance & consumer protection online,Digital Rights Watch,https://digitalrightswatch.org.au/images/submission_-review-of-ai-and-the-australian-consumer-law-2024.pdf,NA
Bangladesh,BGD,4,Trust and resilience,Analysis,BGD e-GOV CIRT (Bangladesh),GIFI,NA,1
Bangladesh,BGD,1,Connectivity and infrastructure,Analysis,Resilience & infrastructure,Internet Society,https://pulse.internetsociety.org/en/reports/BD,2
Bangladesh,BGD,4,Trust and resilience,Analysis,Internet resilience,Internet Society,https://pulse.internetsociety.org/en/resilience/BD,2
Bangladesh,BGD,2,Rights and freedoms,Analysis,Digital rights,Freedom House,https://freedomhouse.org/country/bangladesh/freedom-net/2024,2
Bangladesh,BGD,1,Connectivity and infrastructure,Analysis,Mobile connectivity enablers,GSMA,https://www.mobileconnectivityindex.com/assets/excelData/MCI_data_2025.xlsx,2
Bangladesh,BGD,1,Connectivity and infrastructure,Analysis,Mobile internet trends,GSMA,https://www.gsma.com/r/somic/,2
Bangladesh,BGD,1,Connectivity and infrastructure,Analysis,Global indicators & benchmarks,ITU,https://www.itu.int/en/ITU-D/Statistics/pages/facts/default.aspx,2
Bangladesh,BGD,3,Responsibility and sustainability,Analysis,Digital economy & governance,World Bank,https://www.worldbank.org/en/publication/digital-progress-and-trends-report,2
Bangladesh,BGD,4,Trust and resilience,Analysis,Shutdowns,Access Now,https://www.accessnow.org/wp-content/uploads/2025/02/KeepItOn-2024-Internet-Shutdowns-Annual-Report.pdf,2
Bangladesh,BGD,2,Rights and freedoms,Analysis,Network disruptions & censorship,NetBlocks,https://netblocks.org/reports,2
Bangladesh,BGD,3,Responsibility and sustainability,Analysis,Trends & governance,Internet Society,https://www.internetsociety.org/globalinternetreport/,2
Bangladesh,BGD,2,Rights and freedoms,Academic,Freedom of expression,JAAS,https://doi.org/10.1177/00219096261437744,4
Belgium,BEL,2,Rights and freedoms,Analysis,Digital rights,Freedom House,https://freedomhouse.org/country/belgium/freedom-net/2024,2
Belize,BLZ,4,Trust and resilience,Project,Building Resilient MSMEs Project (Belize),GIFI,NA,1
Benin,BEN,1,Connectivity and infrastructure,Analysis,Resilience & infrastructure,Internet Society,https://pulse.internetsociety.org/en/reports/BJ,3
Benin,BEN,4,Trust and resilience,Analysis,Internet resilience,Internet Society,https://pulse.internetsociety.org/en/resilience/BJ,3
Benin,BEN,1,Connectivity and infrastructure,Analysis,Mobile connectivity enablers,GSMA,https://www.mobileconnectivityindex.com/assets/excelData/MCI_data_2025.xlsx,3
Benin,BEN,1,Connectivity and infrastructure,Analysis,Mobile internet trends,GSMA,https://www.gsma.com/r/somic/,3
Benin,BEN,1,Connectivity and infrastructure,Analysis,Global indicators & benchmarks,ITU,https://www.itu.int/en/ITU-D/Statistics/pages/facts/default.aspx,3
Benin,BEN,3,Responsibility and sustainability,Analysis,Digital economy & governance,World Bank,https://www.worldbank.org/en/publication/digital-progress-and-trends-report,3
Benin,BEN,4,Trust and resilience,Analysis,Shutdowns,Access Now,https://www.accessnow.org/wp-content/uploads/2025/02/KeepItOn-2024-Internet-Shutdowns-Annual-Report.pdf,3
Benin,BEN,2,Rights and freedoms,Analysis,Network disruptions & censorship,NetBlocks,https://netblocks.org/reports,3
Bolivia,BOL,1,Connectivity and infrastructure,Analysis,Resilience & infrastructure,Internet Society,https://pulse.internetsociety.org/en/reports/BO,2
Bolivia,BOL,4,Trust and resilience,Analysis,Internet resilience,Internet Society,https://pulse.internetsociety.org/en/resilience/BO,2
Bolivia,BOL,2,Rights and freedoms,Analysis,Digital rights,Freedom House,https://freedomhouse.org/country/bolivia/freedom-net/2024,2
Bolivia,BOL,1,Connectivity and infrastructure,Analysis,Mobile connectivity enablers,GSMA,https://www.mobileconnectivityindex.com/assets/excelData/MCI_data_2025.xlsx,2
Bolivia,BOL,1,Connectivity and infrastructure,Analysis,Mobile internet trends,GSMA,https://www.gsma.com/r/somic/,2
Bolivia,BOL,1,Connectivity and infrastructure,Analysis,Global indicators & benchmarks,ITU,https://www.itu.int/en/ITU-D/Statistics/pages/facts/default.aspx,2
Bolivia,BOL,3,Responsibility and sustainability,Analysis,Digital economy & governance,World Bank,https://www.worldbank.org/en/publication/digital-progress-and-trends-report,2
Bolivia,BOL,4,Trust and resilience,Analysis,Shutdowns,Access Now,https://www.accessnow.org/wp-content/uploads/2025/02/KeepItOn-2024-Internet-Shutdowns-Annual-Report.pdf,2
Bolivia,BOL,2,Rights and freedoms,Analysis,Network disruptions & censorship,NetBlocks,https://netblocks.org/reports,2
Bolivia,BOL,3,Responsibility and sustainability,Analysis,Trends & governance,Internet Society,https://www.internetsociety.org/globalinternetreport/,2
Botswana,BWA,1,Connectivity and infrastructure,Analysis,Resilience & infrastructure,Internet Society,https://pulse.internetsociety.org/en/reports/BW,3
Botswana,BWA,1,Connectivity and infrastructure,Analysis,Mobile connectivity enablers,GSMA,https://www.mobileconnectivityindex.com/assets/excelData/MCI_data_2025.xlsx,3
Botswana,BWA,1,Connectivity and infrastructure,Analysis,Mobile internet trends,GSMA,https://www.gsma.com/r/somic/,3
Botswana,BWA,1,Connectivity and infrastructure,Analysis,Global indicators & benchmarks,ITU,https://www.itu.int/en/ITU-D/Statistics/pages/facts/default.aspx,3
Botswana,BWA,3,Responsibility and sustainability,Analysis,Digital economy & governance,World Bank,https://www.worldbank.org/en/publication/digital-progress-and-trends-report,3
Botswana,BWA,4,Trust and resilience,Analysis,Shutdowns,Access Now,https://www.accessnow.org/wp-content/uploads/2025/02/KeepItOn-2024-Internet-Shutdowns-Annual-Report.pdf,3
Botswana,BWA,2,Rights and freedoms,Analysis,Network disruptions & censorship,NetBlocks,https://netblocks.org/reports,3
Brazil,BRA,1,Connectivity and infrastructure,Project,Credit Expansion Program (Brazil),GIFI,NA,1
Brazil,BRA,1,Connectivity and infrastructure,Analysis,Resilience & infrastructure,Internet Society,https://pulse.internetsociety.org/en/reports/BR,2
Brazil,BRA,4,Trust and resilience,Analysis,Internet resilience,Internet Society,https://pulse.internetsociety.org/en/resilience/BR,2
Brazil,BRA,2,Rights and freedoms,Analysis,Digital rights,Freedom House,https://freedomhouse.org/country/brazil/freedom-net/2024,2
Brazil,BRA,1,Connectivity and infrastructure,Analysis,Mobile connectivity enablers,GSMA,https://www.mobileconnectivityindex.com/assets/excelData/MCI_data_2025.xlsx,2
Brazil,BRA,1,Connectivity and infrastructure,Analysis,Mobile internet trends,GSMA,https://www.gsma.com/r/somic/,2
Brazil,BRA,1,Connectivity and infrastructure,Analysis,Global indicators & benchmarks,ITU,https://www.itu.int/en/ITU-D/Statistics/pages/facts/default.aspx,2
Brazil,BRA,3,Responsibility and sustainability,Analysis,Digital economy & governance,World Bank,https://www.worldbank.org/en/publication/digital-progress-and-trends-report,2
Brazil,BRA,4,Trust and resilience,Analysis,Shutdowns,Access Now,https://www.accessnow.org/wp-content/uploads/2025/02/KeepItOn-2024-Internet-Shutdowns-Annual-Report.pdf,2
Brazil,BRA,2,Rights and freedoms,Analysis,Network disruptions & censorship,NetBlocks,https://netblocks.org/reports,2
Brazil,BRA,3,Responsibility and sustainability,Analysis,Trends & governance,Internet Society,https://www.internetsociety.org/globalinternetreport/,2
Brazil,BRA,3,Responsibility and sustainability,Analysis,Digital media ecosystem & sustainability,Internet Lab,https://internetlab.org.br/wp-content/uploads/2024/08/relatorio_midiasindependentes_portugues_ok.pdf,NA
Brazil,BRA,4,Trust and resilience,Project,Credit Expansion Program (Brazil),GIFI,NA,1
Burkina Faso,BFA,1,Connectivity and infrastructure,Analysis,Resilience & infrastructure,Internet Society,https://pulse.internetsociety.org/en/reports/BF,3
Burkina Faso,BFA,4,Trust and resilience,Analysis,Internet resilience,Internet Society,https://pulse.internetsociety.org/en/resilience/BF,3
Burkina Faso,BFA,1,Connectivity and infrastructure,Analysis,Mobile connectivity enablers,GSMA,https://www.mobileconnectivityindex.com/assets/excelData/MCI_data_2025.xlsx,3
Burkina Faso,BFA,1,Connectivity and infrastructure,Analysis,Mobile internet trends,GSMA,https://www.gsma.com/r/somic/,3
Burkina Faso,BFA,1,Connectivity and infrastructure,Analysis,Global indicators & benchmarks,ITU,https://www.itu.int/en/ITU-D/Statistics/pages/facts/default.aspx,3
Burkina Faso,BFA,3,Responsibility and sustainability,Analysis,Digital economy & governance,World Bank,https://www.worldbank.org/en/publication/digital-progress-and-trends-report,3
Burkina Faso,BFA,4,Trust and resilience,Analysis,Shutdowns,Access Now,https://www.accessnow.org/wp-content/uploads/2025/02/KeepItOn-2024-Internet-Shutdowns-Annual-Report.pdf,3
Burkina Faso,BFA,2,Rights and freedoms,Analysis,Network disruptions & censorship,NetBlocks,https://netblocks.org/reports,3
Burundi,BDI,1,Connectivity and infrastructure,Analysis,Resilience & infrastructure,Internet Society,https://pulse.internetsociety.org/en/reports/BI,3
Burundi,BDI,4,Trust and resilience,Analysis,Internet resilience,Internet Society,https://pulse.internetsociety.org/en/resilience/BI,3
Burundi,BDI,1,Connectivity and infrastructure,Analysis,Mobile connectivity enablers,GSMA,https://www.mobileconnectivityindex.com/assets/excelData/MCI_data_2025.xlsx,3
Burundi,BDI,1,Connectivity and infrastructure,Analysis,Mobile internet trends,GSMA,https://www.gsma.com/r/somic/,3
Burundi,BDI,1,Connectivity and infrastructure,Analysis,Global indicators & benchmarks,ITU,https://www.itu.int/en/ITU-D/Statistics/pages/facts/default.aspx,3
Burundi,BDI,3,Responsibility and sustainability,Analysis,Digital economy & governance,World Bank,https://www.worldbank.org/en/publication/digital-progress-and-trends-report,3
Burundi,BDI,4,Trust and resilience,Analysis,Shutdowns,Access Now,https://www.accessnow.org/wp-content/uploads/2025/02/KeepItOn-2024-Internet-Shutdowns-Annual-Report.pdf,3
Burundi,BDI,2,Rights and freedoms,Analysis,Network disruptions & censorship,NetBlocks,https://netblocks.org/reports,3
Cambodia,KHM,3,Responsibility and sustainability,Academic,Platforms governance,Open Reserch Europe,https://doi.org/10.12688/openreseurope.18820.2,4
Cameroon,CMR,1,Connectivity and infrastructure,Analysis,Resilience & infrastructure,Internet Society,https://pulse.internetsociety.org/en/reports/CM,3
Cameroon,CMR,4,Trust and resilience,Analysis,Internet resilience,Internet Society,https://pulse.internetsociety.org/en/resilience/CM,3
Cameroon,CMR,1,Connectivity and infrastructure,Analysis,Mobile connectivity enablers,GSMA,https://www.mobileconnectivityindex.com/assets/excelData/MCI_data_2025.xlsx,3
Cameroon,CMR,1,Connectivity and infrastructure,Analysis,Mobile internet trends,GSMA,https://www.gsma.com/r/somic/,3
Cameroon,CMR,1,Connectivity and infrastructure,Analysis,Global indicators & benchmarks,ITU,https://www.itu.int/en/ITU-D/Statistics/pages/facts/default.aspx,3
Cameroon,CMR,3,Responsibility and sustainability,Analysis,Digital economy & governance,World Bank,https://www.worldbank.org/en/publication/digital-progress-and-trends-report,3
Cameroon,CMR,4,Trust and resilience,Analysis,Shutdowns,Access Now,https://www.accessnow.org/wp-content/uploads/2025/02/KeepItOn-2024-Internet-Shutdowns-Annual-Report.pdf,3
Cameroon,CMR,2,Rights and freedoms,Analysis,Network disruptions & censorship,NetBlocks,https://netblocks.org/reports,3
Canada,CAN,1,Connectivity and infrastructure,Analysis,Resilience & infrastructure,Internet Society,https://pulse.internetsociety.org/en/reports/CA,2
Canada,CAN,4,Trust and resilience,Analysis,Internet resilience,Internet Society,https://pulse.internetsociety.org/en/resilience/CA,2
Canada,CAN,2,Rights and freedoms,Analysis,Digital rights,Freedom House,https://freedomhouse.org/country/canada/freedom-net/2024,2
Canada,CAN,1,Connectivity and infrastructure,Analysis,Mobile connectivity enablers,GSMA,https://www.mobileconnectivityindex.com/assets/excelData/MCI_data_2025.xlsx,2
Canada,CAN,1,Connectivity and infrastructure,Analysis,Mobile internet trends,GSMA,https://www.gsma.com/r/somic/,2
Canada,CAN,1,Connectivity and infrastructure,Analysis,Global indicators & benchmarks,ITU,https://www.itu.int/en/ITU-D/Statistics/pages/facts/default.aspx,2
Canada,CAN,3,Responsibility and sustainability,Analysis,Digital economy & governance,World Bank,https://www.worldbank.org/en/publication/digital-progress-and-trends-report,2
Canada,CAN,4,Trust and resilience,Analysis,Shutdowns,Access Now,https://www.accessnow.org/wp-content/uploads/2025/02/KeepItOn-2024-Internet-Shutdowns-Annual-Report.pdf,2
Canada,CAN,2,Rights and freedoms,Analysis,Network disruptions & censorship,NetBlocks,https://netblocks.org/reports,2
Canada,CAN,3,Responsibility and sustainability,Analysis,Trends & governance,Internet Society,https://www.internetsociety.org/globalinternetreport/,2
Canada,CAN,4,Trust and resilience,Analysis,"Internet access, harms & trust",CIRA,https://www.cira.ca/uploads/2024/07/2024-Internet-Trends-Factbook-FINAL-Report.pdf,NA
Canada,CAN,4,Trust and resilience,Source,Digital Charter (Canada),ISED,https://ised-isde.canada.ca/site/innovation-better-canada/en/canadas-digital-charter-trust-digital-world,1
Canada,CAN,3,Responsibility and sustainability,Source,Digital Charter (Canada),ISED,https://ised-isde.canada.ca/site/innovation-better-canada/en/canadas-digital-charter-trust-digital-world,1
Canada,CAN,3,Responsibility and sustainability,Analysis,Connect to Innovate (Canada),GIFI,NA,1
Canada,CAN,1,Connectivity and infrastructure,Analysis,Connect to Innovate (Canada),GIFI,NA,1
Cape Verde,CPV,1,Connectivity and infrastructure,Project,PEDS II (Cape Verde),GIFI,NA,1
Cape Verde,CPV,1,Connectivity and infrastructure,Source,Cabo Verde Digital (Cape Verde),World Bank,https://www.worldbank.org/en/news/feature/2024/10/23/afw-digital-transformation-in-cabo-verde-the-new-horizon,1
Cape Verde,CPV,3,Responsibility and sustainability,Source,Cabo Verde Digital (Cape Verde),World Bank,https://www.worldbank.org/en/news/feature/2024/10/23/afw-digital-transformation-in-cabo-verde-the-new-horizon,1
Cape Verde,CPV,1,Connectivity and infrastructure,Analysis,Resilience & infrastructure,Internet Society,https://pulse.internetsociety.org/en/reports/CV,3
Cape Verde,CPV,4,Trust and resilience,Analysis,Internet resilience,Internet Society,https://pulse.internetsociety.org/en/resilience/CV,3
Cape Verde,CPV,1,Connectivity and infrastructure,Analysis,Mobile connectivity enablers,GSMA,https://www.mobileconnectivityindex.com/assets/excelData/MCI_data_2025.xlsx,3
Cape Verde,CPV,1,Connectivity and infrastructure,Analysis,Mobile internet trends,GSMA,https://www.gsma.com/r/somic/,3
Cape Verde,CPV,1,Connectivity and infrastructure,Analysis,Global indicators & benchmarks,ITU,https://www.itu.int/en/ITU-D/Statistics/pages/facts/default.aspx,3
Cape Verde,CPV,3,Responsibility and sustainability,Analysis,Digital economy & governance,World Bank,https://www.worldbank.org/en/publication/digital-progress-and-trends-report,3
Cape Verde,CPV,4,Trust and resilience,Analysis,Shutdowns,Access Now,https://www.accessnow.org/wp-content/uploads/2025/02/KeepItOn-2024-Internet-Shutdowns-Annual-Report.pdf,3
Cape Verde,CPV,2,Rights and freedoms,Analysis,Network disruptions & censorship,NetBlocks,https://netblocks.org/reports,3
Central African Republic,CAF,1,Connectivity and infrastructure,Analysis,Resilience & infrastructure,Internet Society,https://pulse.internetsociety.org/en/reports/CF,3
Central African Republic,CAF,4,Trust and resilience,Analysis,Internet resilience,Internet Society,https://pulse.internetsociety.org/en/resilience/CF,3
Central African Republic,CAF,1,Connectivity and infrastructure,Analysis,Mobile connectivity enablers,GSMA,https://www.mobileconnectivityindex.com/assets/excelData/MCI_data_2025.xlsx,3
Central African Republic,CAF,1,Connectivity and infrastructure,Analysis,Mobile internet trends,GSMA,https://www.gsma.com/r/somic/,3
Central African Republic,CAF,1,Connectivity and infrastructure,Analysis,Global indicators & benchmarks,ITU,https://www.itu.int/en/ITU-D/Statistics/pages/facts/default.aspx,3
Central African Republic,CAF,3,Responsibility and sustainability,Analysis,Digital economy & governance,World Bank,https://www.worldbank.org/en/publication/digital-progress-and-trends-report,3
Central African Republic,CAF,4,Trust and resilience,Analysis,Shutdowns,Access Now,https://www.accessnow.org/wp-content/uploads/2025/02/KeepItOn-2024-Internet-Shutdowns-Annual-Report.pdf,3
Central African Republic,CAF,2,Rights and freedoms,Analysis,Network disruptions & censorship,NetBlocks,https://netblocks.org/reports,3
Chad,TCD,1,Connectivity and infrastructure,Analysis,Resilience & infrastructure,Internet Society,https://pulse.internetsociety.org/en/reports/TD,3
Chad,TCD,4,Trust and resilience,Analysis,Internet resilience,Internet Society,https://pulse.internetsociety.org/en/resilience/TD,3
Chad,TCD,1,Connectivity and infrastructure,Analysis,Mobile connectivity enablers,GSMA,https://www.mobileconnectivityindex.com/assets/excelData/MCI_data_2025.xlsx,3
Chad,TCD,1,Connectivity and infrastructure,Analysis,Mobile internet trends,GSMA,https://www.gsma.com/r/somic/,3
Chad,TCD,1,Connectivity and infrastructure,Analysis,Global indicators & benchmarks,ITU,https://www.itu.int/en/ITU-D/Statistics/pages/facts/default.aspx,3
Chad,TCD,3,Responsibility and sustainability,Analysis,Digital economy & governance,World Bank,https://www.worldbank.org/en/publication/digital-progress-and-trends-report,3
Chad,TCD,4,Trust and resilience,Analysis,Shutdowns,Access Now,https://www.accessnow.org/wp-content/uploads/2025/02/KeepItOn-2024-Internet-Shutdowns-Annual-Report.pdf,3
Chad,TCD,2,Rights and freedoms,Analysis,Network disruptions & censorship,NetBlocks,https://netblocks.org/reports,3
Chile,CHL,1,Connectivity and infrastructure,Analysis,Resilience & infrastructure,Internet Society,https://pulse.internetsociety.org/en/reports/CL,2
Chile,CHL,4,Trust and resilience,Analysis,Internet resilience,Internet Society,https://pulse.internetsociety.org/en/resilience/CL,2
Chile,CHL,2,Rights and freedoms,Analysis,Digital rights,Freedom House,https://freedomhouse.org/country/chile/freedom-net/2024,2
Chile,CHL,1,Connectivity and infrastructure,Analysis,Mobile connectivity enablers,GSMA,https://www.mobileconnectivityindex.com/assets/excelData/MCI_data_2025.xlsx,2
Chile,CHL,1,Connectivity and infrastructure,Analysis,Mobile internet trends,GSMA,https://www.gsma.com/r/somic/,2
Chile,CHL,1,Connectivity and infrastructure,Analysis,Global indicators & benchmarks,ITU,https://www.itu.int/en/ITU-D/Statistics/pages/facts/default.aspx,2
Chile,CHL,3,Responsibility and sustainability,Analysis,Digital economy & governance,World Bank,https://www.worldbank.org/en/publication/digital-progress-and-trends-report,2
Chile,CHL,4,Trust and resilience,Analysis,Shutdowns,Access Now,https://www.accessnow.org/wp-content/uploads/2025/02/KeepItOn-2024-Internet-Shutdowns-Annual-Report.pdf,2
Chile,CHL,2,Rights and freedoms,Analysis,Network disruptions & censorship,NetBlocks,https://netblocks.org/reports,2
Chile,CHL,3,Responsibility and sustainability,Analysis,Trends & governance,Internet Society,https://www.internetsociety.org/globalinternetreport/,2
Chile,CHL,3,Responsibility and sustainability,Analysis,Platform governance & moderation,Derechos Digitales,https://www.derechosdigitales.org/wp-content/uploads/radiografia-moderacion-contenidos-chile-2024.pdf,2
Chile,CHL,1,Connectivity and infrastructure,Source,Fibra Óptica Austral (Chile),Silica Networks,https://www.silicanetworks.com/es/foa/,1
China,CHN,1,Connectivity and infrastructure,Analysis,Resilience & infrastructure,Internet Society,https://pulse.internetsociety.org/en/reports/CN,2
China,CHN,4,Trust and resilience,Analysis,Internet resilience,Internet Society,https://pulse.internetsociety.org/en/resilience/CN,2
China,CHN,2,Rights and freedoms,Analysis,Digital rights,Freedom House,https://freedomhouse.org/country/china/freedom-net/2024,2
China,CHN,1,Connectivity and infrastructure,Analysis,Mobile connectivity enablers,GSMA,https://www.mobileconnectivityindex.com/assets/excelData/MCI_data_2025.xlsx,2
China,CHN,1,Connectivity and infrastructure,Analysis,Mobile internet trends,GSMA,https://www.gsma.com/r/somic/,2
China,CHN,1,Connectivity and infrastructure,Analysis,Global indicators & benchmarks,ITU,https://www.itu.int/en/ITU-D/Statistics/pages/facts/default.aspx,2
China,CHN,3,Responsibility and sustainability,Analysis,Digital economy & governance,World Bank,https://www.worldbank.org/en/publication/digital-progress-and-trends-report,2
China,CHN,4,Trust and resilience,Analysis,Shutdowns,Access Now,https://www.accessnow.org/wp-content/uploads/2025/02/KeepItOn-2024-Internet-Shutdowns-Annual-Report.pdf,2
China,CHN,2,Rights and freedoms,Analysis,Network disruptions & censorship,NetBlocks,https://netblocks.org/reports,2
China,CHN,3,Responsibility and sustainability,Analysis,Trends & governance,Internet Society,https://www.internetsociety.org/globalinternetreport/,2
China,CHN,1,Connectivity and infrastructure,Analysis,The Locknet (China),China File,https://locknet.chinafile.com/the-locknet/intro/,1
China,CHN,2,Rights and freedoms,Analysis,The Locknet (China),China File,https://locknet.chinafile.com/the-locknet/intro/,1
China,CHN,3,Responsibility and sustainability,Analysis,The Locknet (China),China File,https://locknet.chinafile.com/the-locknet/intro/,1
China,CHN,1,Connectivity and infrastructure,Academic,Export surveillance,IJCJ&SD,https://doi.org/10.5204/ijcjsd.1908,4
Colombia,COL,1,Connectivity and infrastructure,Analysis,Resilience & infrastructure,Internet Society,https://pulse.internetsociety.org/en/reports/CO,2
Colombia,COL,4,Trust and resilience,Analysis,Internet resilience,Internet Society,https://pulse.internetsociety.org/en/resilience/CO,2
Colombia,COL,2,Rights and freedoms,Analysis,Digital rights,Freedom House,https://freedomhouse.org/country/colombia/freedom-net/2024,2
Colombia,COL,1,Connectivity and infrastructure,Analysis,Mobile connectivity enablers,GSMA,https://www.mobileconnectivityindex.com/assets/excelData/MCI_data_2025.xlsx,2
Colombia,COL,1,Connectivity and infrastructure,Analysis,Mobile internet trends,GSMA,https://www.gsma.com/r/somic/,2
Colombia,COL,1,Connectivity and infrastructure,Analysis,Global indicators & benchmarks,ITU,https://www.itu.int/en/ITU-D/Statistics/pages/facts/default.aspx,2
Colombia,COL,3,Responsibility and sustainability,Analysis,Digital economy & governance,World Bank,https://www.worldbank.org/en/publication/digital-progress-and-trends-report,2
Colombia,COL,4,Trust and resilience,Analysis,Shutdowns,Access Now,https://www.accessnow.org/wp-content/uploads/2025/02/KeepItOn-2024-Internet-Shutdowns-Annual-Report.pdf,2
Colombia,COL,2,Rights and freedoms,Analysis,Network disruptions & censorship,NetBlocks,https://netblocks.org/reports,2
Colombia,COL,3,Responsibility and sustainability,Analysis,Trends & governance,Internet Society,https://www.internetsociety.org/globalinternetreport/,2
China,CHN,2,Rights and freedoms,Analysis,Digital security risks to HRDs,Karisma Foundation,https://web.karisma.org.co/wp-content/uploads/2024/12/Informe-seguridad-digital-k-lab.pdf,2
Colombia,COL,1,Connectivity and infrastructure,Project,Vive Digital Program (Colombia),GIFI,NA,1
Comoros,COM,1,Connectivity and infrastructure,Analysis,Resilience & infrastructure,Internet Society,https://pulse.internetsociety.org/en/reports/KM,3
Comoros,COM,4,Trust and resilience,Analysis,Internet resilience,Internet Society,https://pulse.internetsociety.org/en/resilience/KM,3
Comoros,COM,1,Connectivity and infrastructure,Analysis,Mobile connectivity enablers,GSMA,https://www.mobileconnectivityindex.com/assets/excelData/MCI_data_2025.xlsx,3
Comoros,COM,1,Connectivity and infrastructure,Analysis,Mobile internet trends,GSMA,https://www.gsma.com/r/somic/,3
Comoros,COM,1,Connectivity and infrastructure,Analysis,Global indicators & benchmarks,ITU,https://www.itu.int/en/ITU-D/Statistics/pages/facts/default.aspx,3
Comoros,COM,3,Responsibility and sustainability,Analysis,Digital economy & governance,World Bank,https://www.worldbank.org/en/publication/digital-progress-and-trends-report,3
Comoros,COM,4,Trust and resilience,Analysis,Shutdowns,Access Now,https://www.accessnow.org/wp-content/uploads/2025/02/KeepItOn-2024-Internet-Shutdowns-Annual-Report.pdf,3
Comoros,COM,2,Rights and freedoms,Analysis,Network disruptions & censorship,NetBlocks,https://netblocks.org/reports,3
Congo,COG,1,Connectivity and infrastructure,Analysis,Resilience & infrastructure,Internet Society,https://pulse.internetsociety.org/en/reports/CG,3
Congo,COG,4,Trust and resilience,Analysis,Internet resilience,Internet Society,https://pulse.internetsociety.org/en/resilience/CG,3
Congo,COG,1,Connectivity and infrastructure,Analysis,Mobile connectivity enablers,GSMA,https://www.mobileconnectivityindex.com/assets/excelData/MCI_data_2025.xlsx,3
Congo,COG,1,Connectivity and infrastructure,Analysis,Mobile internet trends,GSMA,https://www.gsma.com/r/somic/,3
Congo,COG,1,Connectivity and infrastructure,Analysis,Global indicators & benchmarks,ITU,https://www.itu.int/en/ITU-D/Statistics/pages/facts/default.aspx,3
Congo,COG,3,Responsibility and sustainability,Analysis,Digital economy & governance,World Bank,https://www.worldbank.org/en/publication/digital-progress-and-trends-report,3
Congo,COG,4,Trust and resilience,Analysis,Shutdowns,Access Now,https://www.accessnow.org/wp-content/uploads/2025/02/KeepItOn-2024-Internet-Shutdowns-Annual-Report.pdf,3
Congo,COG,2,Rights and freedoms,Analysis,Network disruptions & censorship,NetBlocks,https://netblocks.org/reports,3
Costa Rica,CRI,1,Connectivity and infrastructure,Analysis,The Internet Advisory Council (Costa Rica),GIFI,NA,1
Costa Rica,CRI,3,Responsibility and sustainability,Analysis,The Internet Advisory Council (Costa Rica),GIFI,NA,1
Costa Rica,CRI,1,Connectivity and infrastructure,Project,Connected Homes Project (Costa Rica),GIFI,NA,1
Costa Rica,CRI,2,Rights and freedoms,Project,Connected Homes Project (Costa Rica),GIFI,NA,1
Czechia,CZE,2,Rights and freedoms,Analysis,Digital rights,Freedom House,https://freedomhouse.org/country/czech-republic/freedom-net/2024,2
Côte D’Ivoire,CIV,1,Connectivity and infrastructure,Analysis,Resilience & infrastructure,Internet Society,https://pulse.internetsociety.org/en/reports/CI,3
Côte D’Ivoire,CIV,4,Trust and resilience,Analysis,Internet resilience,Internet Society,https://pulse.internetsociety.org/en/resilience/CI,3
Côte D’Ivoire,CIV,1,Connectivity and infrastructure,Analysis,Mobile connectivity enablers,GSMA,https://www.mobileconnectivityindex.com/assets/excelData/MCI_data_2025.xlsx,3
Côte D’Ivoire,CIV,1,Connectivity and infrastructure,Analysis,Mobile internet trends,GSMA,https://www.gsma.com/r/somic/,3
Côte D’Ivoire,CIV,1,Connectivity and infrastructure,Analysis,Global indicators & benchmarks,ITU,https://www.itu.int/en/ITU-D/Statistics/pages/facts/default.aspx,3
Côte D’Ivoire,CIV,3,Responsibility and sustainability,Analysis,Digital economy & governance,World Bank,https://www.worldbank.org/en/publication/digital-progress-and-trends-report,3
Côte D’Ivoire,CIV,4,Trust and resilience,Analysis,Shutdowns,Access Now,https://www.accessnow.org/wp-content/uploads/2025/02/KeepItOn-2024-Internet-Shutdowns-Annual-Report.pdf,3
Côte D’Ivoire,CIV,2,Rights and freedoms,Analysis,Network disruptions & censorship,NetBlocks,https://netblocks.org/reports,3
Democratic Republic of The Congo,COD,1,Connectivity and infrastructure,Analysis,Resilience & infrastructure,Internet Society,https://pulse.internetsociety.org/en/reports/CD,3
Democratic Republic of The Congo,COD,4,Trust and resilience,Analysis,Internet resilience,Internet Society,https://pulse.internetsociety.org/en/resilience/CD,3
Democratic Republic of The Congo,COD,1,Connectivity and infrastructure,Analysis,Mobile connectivity enablers,GSMA,https://www.mobileconnectivityindex.com/assets/excelData/MCI_data_2025.xlsx,3
Democratic Republic of The Congo,COD,1,Connectivity and infrastructure,Analysis,Mobile internet trends,GSMA,https://www.gsma.com/r/somic/,3
Democratic Republic of The Congo,COD,1,Connectivity and infrastructure,Analysis,Global indicators & benchmarks,ITU,https://www.itu.int/en/ITU-D/Statistics/pages/facts/default.aspx,3
Democratic Republic of The Congo,COD,3,Responsibility and sustainability,Analysis,Digital economy & governance,World Bank,https://www.worldbank.org/en/publication/digital-progress-and-trends-report,3
Democratic Republic of The Congo,COD,4,Trust and resilience,Analysis,Shutdowns,Access Now,https://www.accessnow.org/wp-content/uploads/2025/02/KeepItOn-2024-Internet-Shutdowns-Annual-Report.pdf,3
Democratic Republic of The Congo,COD,2,Rights and freedoms,Analysis,Network disruptions & censorship,NetBlocks,https://netblocks.org/reports,3
Denmark,DNK,2,Rights and freedoms,Analysis,Digital rights,Freedom House,https://freedomhouse.org/country/denmark/freedom-net/2024,2
Denmark,DNK,2,Rights and freedoms,Source,Danish Institute of Human Rights (Denmark),DIHR,https://www.humanrights.dk/files/media/document/Strategy%202021-2024%20English_feb.pdf,1
Djibouti,DJI,1,Connectivity and infrastructure,Analysis,Resilience & infrastructure,Internet Society,https://pulse.internetsociety.org/en/reports/DJ,3
Djibouti,DJI,4,Trust and resilience,Analysis,Internet resilience,Internet Society,https://pulse.internetsociety.org/en/resilience/DJ,3
Djibouti,DJI,1,Connectivity and infrastructure,Analysis,Mobile connectivity enablers,GSMA,https://www.mobileconnectivityindex.com/assets/excelData/MCI_data_2025.xlsx,3
Djibouti,DJI,1,Connectivity and infrastructure,Analysis,Mobile internet trends,GSMA,https://www.gsma.com/r/somic/,3
Djibouti,DJI,1,Connectivity and infrastructure,Analysis,Global indicators & benchmarks,ITU,https://www.itu.int/en/ITU-D/Statistics/pages/facts/default.aspx,3
Djibouti,DJI,3,Responsibility and sustainability,Analysis,Digital economy & governance,World Bank,https://www.worldbank.org/en/publication/digital-progress-and-trends-report,3
Djibouti,DJI,4,Trust and resilience,Analysis,Shutdowns,Access Now,https://www.accessnow.org/wp-content/uploads/2025/02/KeepItOn-2024-Internet-Shutdowns-Annual-Report.pdf,3
Djibouti,DJI,2,Rights and freedoms,Analysis,Network disruptions & censorship,NetBlocks,https://netblocks.org/reports,3
Dominican Republic,DOM,1,Connectivity and infrastructure,Analysis,Resilience & infrastructure,Internet Society,https://pulse.internetsociety.org/en/reports/DO,2
Dominican Republic,DOM,4,Trust and resilience,Analysis,Internet resilience,Internet Society,https://pulse.internetsociety.org/en/resilience/DO,2
Dominican Republic,DOM,2,Rights and freedoms,Analysis,Digital rights,Freedom House,https://freedomhouse.org/country/dominican-republic/freedom-net/2024,2
Dominican Republic,DOM,1,Connectivity and infrastructure,Analysis,Mobile connectivity enablers,GSMA,https://www.mobileconnectivityindex.com/assets/excelData/MCI_data_2025.xlsx,2
Dominican Republic,DOM,1,Connectivity and infrastructure,Analysis,Mobile internet trends,GSMA,https://www.gsma.com/r/somic/,2
Dominican Republic,DOM,1,Connectivity and infrastructure,Analysis,Global indicators & benchmarks,ITU,https://www.itu.int/en/ITU-D/Statistics/pages/facts/default.aspx,2
Dominican Republic,DOM,3,Responsibility and sustainability,Analysis,Digital economy & governance,World Bank,https://www.worldbank.org/en/publication/digital-progress-and-trends-report,2
Dominican Republic,DOM,4,Trust and resilience,Analysis,Shutdowns,Access Now,https://www.accessnow.org/wp-content/uploads/2025/02/KeepItOn-2024-Internet-Shutdowns-Annual-Report.pdf,2
Dominican Republic,DOM,2,Rights and freedoms,Analysis,Network disruptions & censorship,NetBlocks,https://netblocks.org/reports,2
Dominican Republic,DOM,3,Responsibility and sustainability,Analysis,Trends & governance,Internet Society,https://www.internetsociety.org/globalinternetreport/,2
Dominican Republic,DOM,3,Responsibility and sustainability,Analysis,Digital Republic (Dominican Republic),GIFI,NA,1
Ecuador,ECU,1,Connectivity and infrastructure,Analysis,Resilience & infrastructure,Internet Society,https://pulse.internetsociety.org/en/reports/EC,2
Ecuador,ECU,4,Trust and resilience,Analysis,Internet resilience,Internet Society,https://pulse.internetsociety.org/en/resilience/EC,2
Ecuador,ECU,2,Rights and freedoms,Analysis,Digital rights,Freedom House,https://freedomhouse.org/country/ecuador/freedom-net/2024,2
Ecuador,ECU,1,Connectivity and infrastructure,Analysis,Mobile connectivity enablers,GSMA,https://www.mobileconnectivityindex.com/assets/excelData/MCI_data_2025.xlsx,2
Ecuador,ECU,1,Connectivity and infrastructure,Analysis,Mobile internet trends,GSMA,https://www.gsma.com/r/somic/,2
Ecuador,ECU,1,Connectivity and infrastructure,Analysis,Global indicators & benchmarks,ITU,https://www.itu.int/en/ITU-D/Statistics/pages/facts/default.aspx,2
Ecuador,ECU,3,Responsibility and sustainability,Analysis,Digital economy & governance,World Bank,https://www.worldbank.org/en/publication/digital-progress-and-trends-report,2
Ecuador,ECU,4,Trust and resilience,Analysis,Shutdowns,Access Now,https://www.accessnow.org/wp-content/uploads/2025/02/KeepItOn-2024-Internet-Shutdowns-Annual-Report.pdf,2
Ecuador,ECU,2,Rights and freedoms,Analysis,Network disruptions & censorship,NetBlocks,https://netblocks.org/reports,2
Ecuador,ECU,3,Responsibility and sustainability,Analysis,Trends & governance,Internet Society,https://www.internetsociety.org/globalinternetreport/,2
Egypt,EGY,1,Connectivity and infrastructure,Analysis,Resilience & infrastructure,Internet Society,https://pulse.internetsociety.org/en/reports/EG,2
Egypt,EGY,4,Trust and resilience,Analysis,Internet resilience,Internet Society,https://pulse.internetsociety.org/en/resilience/EG,2
Egypt,EGY,2,Rights and freedoms,Analysis,Digital rights,Freedom House,https://freedomhouse.org/country/egypt/freedom-net/2024,2
Egypt,EGY,1,Connectivity and infrastructure,Analysis,Mobile connectivity enablers,GSMA,https://www.mobileconnectivityindex.com/assets/excelData/MCI_data_2025.xlsx,2
Egypt,EGY,1,Connectivity and infrastructure,Analysis,Mobile internet trends,GSMA,https://www.gsma.com/r/somic/,2
Egypt,EGY,1,Connectivity and infrastructure,Analysis,Global indicators & benchmarks,ITU,https://www.itu.int/en/ITU-D/Statistics/pages/facts/default.aspx,2
Egypt,EGY,3,Responsibility and sustainability,Analysis,Digital economy & governance,World Bank,https://www.worldbank.org/en/publication/digital-progress-and-trends-report,2
Egypt,EGY,4,Trust and resilience,Analysis,Shutdowns,Access Now,https://www.accessnow.org/wp-content/uploads/2025/02/KeepItOn-2024-Internet-Shutdowns-Annual-Report.pdf,2
Egypt,EGY,2,Rights and freedoms,Analysis,Network disruptions & censorship,NetBlocks,https://netblocks.org/reports,2
Egypt,EGY,3,Responsibility and sustainability,Analysis,Trends & governance,Internet Society,https://www.internetsociety.org/globalinternetreport/,2
Egypt,EGY,1,Connectivity and infrastructure,Analysis,IMRS Infrastructure (Egypt),GIFI,NA,1
Egypt,EGY,4,Trust and resilience,Analysis,IMRS Infrastructure (Egypt),GIFI,NA,1
El Salvador,SLV,1,Connectivity and infrastructure,Analysis,Resilience & infrastructure,Internet Society,https://pulse.internetsociety.org/en/reports/SV,2
El Salvador,SLV,4,Trust and resilience,Analysis,Internet resilience,Internet Society,https://pulse.internetsociety.org/en/resilience/SV,2
El Salvador,SLV,2,Rights and freedoms,Analysis,Digital rights,Freedom House,https://freedomhouse.org/country/egypt/freedom-net/2024,2
El Salvador,SLV,1,Connectivity and infrastructure,Analysis,Mobile connectivity enablers,GSMA,https://www.mobileconnectivityindex.com/assets/excelData/MCI_data_2025.xlsx,2
El Salvador,SLV,1,Connectivity and infrastructure,Analysis,Mobile internet trends,GSMA,https://www.gsma.com/r/somic/,2
El Salvador,SLV,1,Connectivity and infrastructure,Analysis,Global indicators & benchmarks,ITU,https://www.itu.int/en/ITU-D/Statistics/pages/facts/default.aspx,2
El Salvador,SLV,3,Responsibility and sustainability,Analysis,Digital economy & governance,World Bank,https://www.worldbank.org/en/publication/digital-progress-and-trends-report,2
El Salvador,SLV,4,Trust and resilience,Analysis,Shutdowns,Access Now,https://www.accessnow.org/wp-content/uploads/2025/02/KeepItOn-2024-Internet-Shutdowns-Annual-Report.pdf,2
El Salvador,SLV,2,Rights and freedoms,Analysis,Network disruptions & censorship,NetBlocks,https://netblocks.org/reports,2
El Salvador,SLV,3,Responsibility and sustainability,Analysis,Trends & governance,Internet Society,https://www.internetsociety.org/globalinternetreport/,2
Equatorial Guinea,GNQ,1,Connectivity and infrastructure,Analysis,Resilience & infrastructure,Internet Society,https://pulse.internetsociety.org/en/reports/GQ,3
Equatorial Guinea,GNQ,4,Trust and resilience,Analysis,Internet resilience,Internet Society,https://pulse.internetsociety.org/en/resilience/GQ,3
Equatorial Guinea,GNQ,1,Connectivity and infrastructure,Analysis,Mobile connectivity enablers,GSMA,https://www.mobileconnectivityindex.com/assets/excelData/MCI_data_2025.xlsx,3
Equatorial Guinea,GNQ,1,Connectivity and infrastructure,Analysis,Mobile internet trends,GSMA,https://www.gsma.com/r/somic/,3
Equatorial Guinea,GNQ,1,Connectivity and infrastructure,Analysis,Global indicators & benchmarks,ITU,https://www.itu.int/en/ITU-D/Statistics/pages/facts/default.aspx,3
Equatorial Guinea,GNQ,3,Responsibility and sustainability,Analysis,Digital economy & governance,World Bank,https://www.worldbank.org/en/publication/digital-progress-and-trends-report,3
Equatorial Guinea,GNQ,4,Trust and resilience,Analysis,Shutdowns,Access Now,https://www.accessnow.org/wp-content/uploads/2025/02/KeepItOn-2024-Internet-Shutdowns-Annual-Report.pdf,3
Equatorial Guinea,GNQ,2,Rights and freedoms,Analysis,Network disruptions & censorship,NetBlocks,https://netblocks.org/reports,3
Eritrea,ERI,1,Connectivity and infrastructure,Analysis,Resilience & infrastructure,Internet Society,https://pulse.internetsociety.org/en/reports/ER,3
Eritrea,ERI,4,Trust and resilience,Analysis,Internet resilience,Internet Society,https://pulse.internetsociety.org/en/resilience/ER,3
Eritrea,ERI,1,Connectivity and infrastructure,Analysis,Mobile connectivity enablers,GSMA,https://www.mobileconnectivityindex.com/assets/excelData/MCI_data_2025.xlsx,3
Eritrea,ERI,1,Connectivity and infrastructure,Analysis,Mobile internet trends,GSMA,https://www.gsma.com/r/somic/,3
Eritrea,ERI,1,Connectivity and infrastructure,Analysis,Global indicators & benchmarks,ITU,https://www.itu.int/en/ITU-D/Statistics/pages/facts/default.aspx,3
Eritrea,ERI,3,Responsibility and sustainability,Analysis,Digital economy & governance,World Bank,https://www.worldbank.org/en/publication/digital-progress-and-trends-report,3
Eritrea,ERI,4,Trust and resilience,Analysis,Shutdowns,Access Now,https://www.accessnow.org/wp-content/uploads/2025/02/KeepItOn-2024-Internet-Shutdowns-Annual-Report.pdf,3
Eritrea,ERI,2,Rights and freedoms,Analysis,Network disruptions & censorship,NetBlocks,https://netblocks.org/reports,3
Estonia,EST,2,Rights and freedoms,Analysis,Digital rights,Freedom House,https://freedomhouse.org/country/estonia/freedom-net/2024,2
Eswatini,SWZ,1,Connectivity and infrastructure,Analysis,Resilience & infrastructure,Internet Society,https://pulse.internetsociety.org/en/reports/SZ,3
Eswatini,SWZ,4,Trust and resilience,Analysis,Internet resilience,Internet Society,https://pulse.internetsociety.org/en/resilience/SZ,3
Eswatini,SWZ,1,Connectivity and infrastructure,Analysis,Mobile connectivity enablers,GSMA,https://www.mobileconnectivityindex.com/assets/excelData/MCI_data_2025.xlsx,3
Eswatini,SWZ,1,Connectivity and infrastructure,Analysis,Mobile internet trends,GSMA,https://www.gsma.com/r/somic/,3
Eswatini,SWZ,1,Connectivity and infrastructure,Analysis,Global indicators & benchmarks,ITU,https://www.itu.int/en/ITU-D/Statistics/pages/facts/default.aspx,3
Eswatini,SWZ,3,Responsibility and sustainability,Analysis,Digital economy & governance,World Bank,https://www.worldbank.org/en/publication/digital-progress-and-trends-report,3
Eswatini,SWZ,4,Trust and resilience,Analysis,Shutdowns,Access Now,https://www.accessnow.org/wp-content/uploads/2025/02/KeepItOn-2024-Internet-Shutdowns-Annual-Report.pdf,3
Eswatini,SWZ,2,Rights and freedoms,Analysis,Network disruptions & censorship,NetBlocks,https://netblocks.org/reports,3
Ethiopia,ETH,2,Rights and freedoms,Analysis,Digital rights,Freedom House,https://freedomhouse.org/country/estonia/freedom-net/2024,2
Ethiopia,ETH,4,Trust and resilience,Analysis,Internet resilience,Internet Society,https://pulse.internetsociety.org/en/resilience/ET,2
Ethiopia,ETH,2,Rights and freedoms,Analysis,Digital rights,Freedom House,https://freedomhouse.org/country/ethiopia/freedom-net/2024,2
Ethiopia,ETH,1,Connectivity and infrastructure,Analysis,Mobile connectivity enablers,GSMA,https://www.mobileconnectivityindex.com/assets/excelData/MCI_data_2025.xlsx,2
Ethiopia,ETH,1,Connectivity and infrastructure,Analysis,Mobile internet trends,GSMA,https://www.gsma.com/r/somic/,2
Ethiopia,ETH,1,Connectivity and infrastructure,Analysis,Global indicators & benchmarks,ITU,https://www.itu.int/en/ITU-D/Statistics/pages/facts/default.aspx,2
Ethiopia,ETH,3,Responsibility and sustainability,Analysis,Digital economy & governance,World Bank,https://www.worldbank.org/en/publication/digital-progress-and-trends-report,2
Ethiopia,ETH,4,Trust and resilience,Analysis,Shutdowns,Access Now,https://www.accessnow.org/wp-content/uploads/2025/02/KeepItOn-2024-Internet-Shutdowns-Annual-Report.pdf,2
Ethiopia,ETH,2,Rights and freedoms,Analysis,Network disruptions & censorship,NetBlocks,https://netblocks.org/reports,2
Ethiopia,ETH,3,Responsibility and sustainability,Analysis,Trends & governance,Internet Society,https://www.internetsociety.org/globalinternetreport/,2
Ethiopia,ETH,1,Connectivity and infrastructure,Analysis,Digital transformation journey,Research ICT Africa,https://researchictafrica.net/research/digital-africa-post-the-pandemic-ethiopia-report/,3
Ethiopia,ETH,3,Responsibility and sustainability,Analysis,Digital & microentreprises,Research ICT Africa,https://researchictafrica.net/research/digital-technology-adoption-by-microenterprises-ethiopia-report/,3
Finland,FIN,2,Rights and freedoms,Analysis,Digital rights,Freedom House,https://freedomhouse.org/country/finland/freedom-net/2024,2
France,FRA,2,Rights and freedoms,Analysis,"Internet freedom, policy developments",Freedom House,https://freedomhouse.org/country/france/freedom-net/2024,NA
Gabon,GAB,1,Connectivity and infrastructure,Analysis,Resilience & infrastructure,Internet Society,https://pulse.internetsociety.org/en/reports/GA,3
Gabon,GAB,4,Trust and resilience,Analysis,Internet resilience,Internet Society,https://pulse.internetsociety.org/en/resilience/GA,3
Gabon,GAB,1,Connectivity and infrastructure,Analysis,Mobile connectivity enablers,GSMA,https://www.mobileconnectivityindex.com/assets/excelData/MCI_data_2025.xlsx,3
Gabon,GAB,1,Connectivity and infrastructure,Analysis,Mobile internet trends,GSMA,https://www.gsma.com/r/somic/,3
Gabon,GAB,1,Connectivity and infrastructure,Analysis,Global indicators & benchmarks,ITU,https://www.itu.int/en/ITU-D/Statistics/pages/facts/default.aspx,3
Gabon,GAB,3,Responsibility and sustainability,Analysis,Digital economy & governance,World Bank,https://www.worldbank.org/en/publication/digital-progress-and-trends-report,3
Gabon,GAB,4,Trust and resilience,Analysis,Shutdowns,Access Now,https://www.accessnow.org/wp-content/uploads/2025/02/KeepItOn-2024-Internet-Shutdowns-Annual-Report.pdf,3
Gabon,GAB,2,Rights and freedoms,Analysis,Network disruptions & censorship,NetBlocks,https://netblocks.org/reports,3
Gambia,GMB,1,Connectivity and infrastructure,Analysis,Resilience & infrastructure,Internet Society,https://pulse.internetsociety.org/en/reports/GM,3
Gambia,GMB,4,Trust and resilience,Analysis,Internet resilience,Internet Society,https://pulse.internetsociety.org/en/resilience/GM,3
Gambia,GMB,1,Connectivity and infrastructure,Analysis,Mobile connectivity enablers,GSMA,https://www.mobileconnectivityindex.com/assets/excelData/MCI_data_2025.xlsx,3
Gambia,GMB,1,Connectivity and infrastructure,Analysis,Mobile internet trends,GSMA,https://www.gsma.com/r/somic/,3
Gambia,GMB,1,Connectivity and infrastructure,Analysis,Global indicators & benchmarks,ITU,https://www.itu.int/en/ITU-D/Statistics/pages/facts/default.aspx,3
Gambia,GMB,3,Responsibility and sustainability,Analysis,Digital economy & governance,World Bank,https://www.worldbank.org/en/publication/digital-progress-and-trends-report,3
Gambia,GMB,4,Trust and resilience,Analysis,Shutdowns,Access Now,https://www.accessnow.org/wp-content/uploads/2025/02/KeepItOn-2024-Internet-Shutdowns-Annual-Report.pdf,3
Gambia,GMB,2,Rights and freedoms,Analysis,Network disruptions & censorship,NetBlocks,https://netblocks.org/reports,3
Georgia,GEO,1,Connectivity and infrastructure,Analysis,Localised Internet Exchange Point (Georgia),GIFI,NA,1
Georgia,GEO,4,Trust and resilience,Analysis,Localised Internet Exchange Point (Georgia),GIFI,NA,1
Germany,DEU,2,Rights and freedoms,Analysis,"Internet freedom, policy developments",Freedom House,https://freedomhouse.org/country/germany/freedom-net/2024,NA
Ghana,GHA,1,Connectivity and infrastructure,Analysis,Resilience & infrastructure,Internet Society,https://pulse.internetsociety.org/en/reports/GH,2
Ghana,GHA,4,Trust and resilience,Analysis,Internet resilience,Internet Society,https://pulse.internetsociety.org/en/resilience/GH,2
Ghana,GHA,2,Rights and freedoms,Analysis,Digital rights,Freedom House,https://freedomhouse.org/country/ghana/freedom-net/2024,2
Ghana,GHA,1,Connectivity and infrastructure,Analysis,Mobile connectivity enablers,GSMA,https://www.mobileconnectivityindex.com/assets/excelData/MCI_data_2025.xlsx,2
Ghana,GHA,1,Connectivity and infrastructure,Analysis,Mobile internet trends,GSMA,https://www.gsma.com/r/somic/,2
Ghana,GHA,1,Connectivity and infrastructure,Analysis,Global indicators & benchmarks,ITU,https://www.itu.int/en/ITU-D/Statistics/pages/facts/default.aspx,2
Ghana,GHA,3,Responsibility and sustainability,Analysis,Digital economy & governance,World Bank,https://www.worldbank.org/en/publication/digital-progress-and-trends-report,2
Ghana,GHA,4,Trust and resilience,Analysis,Shutdowns,Access Now,https://www.accessnow.org/wp-content/uploads/2025/02/KeepItOn-2024-Internet-Shutdowns-Annual-Report.pdf,2
Ghana,GHA,2,Rights and freedoms,Analysis,Network disruptions & censorship,NetBlocks,https://netblocks.org/reports,2
Ghana,GHA,3,Responsibility and sustainability,Analysis,Trends & governance,Internet Society,https://www.internetsociety.org/globalinternetreport/,2
Ghana,GHA,4,Trust and resilience,Analysis,Disinformation & elections,Research ICT Africa,https://researchictafrica.net/research/exploring-the-role-of-coalitions-in-mitigating-disinformation-during-ghanas-2024-elections/,3
Greece,GRC,2,Rights and freedoms,Analysis,Digital rights,Freedom House,https://freedomhouse.org/country/greece/freedom-net/2024,2
Guatemala,GTM,1,Connectivity and infrastructure,Analysis,Resilience & infrastructure,Internet Society,https://pulse.internetsociety.org/en/reports/GT,2
Guatemala,GTM,4,Trust and resilience,Analysis,Internet resilience,Internet Society,https://pulse.internetsociety.org/en/resilience/GT,2
Guatemala,GTM,2,Rights and freedoms,Analysis,Digital rights,Freedom House,https://freedomhouse.org/country/guatemala/freedom-net/2024,2
Guatemala,GTM,1,Connectivity and infrastructure,Analysis,Mobile connectivity enablers,GSMA,https://www.mobileconnectivityindex.com/assets/excelData/MCI_data_2025.xlsx,2
Guatemala,GTM,1,Connectivity and infrastructure,Analysis,Mobile internet trends,GSMA,https://www.gsma.com/r/somic/,2
Guatemala,GTM,1,Connectivity and infrastructure,Analysis,Global indicators & benchmarks,ITU,https://www.itu.int/en/ITU-D/Statistics/pages/facts/default.aspx,2
Guatemala,GTM,3,Responsibility and sustainability,Analysis,Digital economy & governance,World Bank,https://www.worldbank.org/en/publication/digital-progress-and-trends-report,2
Guatemala,GTM,4,Trust and resilience,Analysis,Shutdowns,Access Now,https://www.accessnow.org/wp-content/uploads/2025/02/KeepItOn-2024-Internet-Shutdowns-Annual-Report.pdf,2
Guatemala,GTM,2,Rights and freedoms,Analysis,Network disruptions & censorship,NetBlocks,https://netblocks.org/reports,2
Guatemala,GTM,3,Responsibility and sustainability,Analysis,Trends & governance,Internet Society,https://www.internetsociety.org/globalinternetreport/,2
Guinea,GIN,1,Connectivity and infrastructure,Analysis,Resilience & infrastructure,Internet Society,https://pulse.internetsociety.org/en/reports/GN,3
Guinea,GIN,4,Trust and resilience,Analysis,Internet resilience,Internet Society,https://pulse.internetsociety.org/en/resilience/GN,3
Guinea,GIN,1,Connectivity and infrastructure,Analysis,Mobile connectivity enablers,GSMA,https://www.mobileconnectivityindex.com/assets/excelData/MCI_data_2025.xlsx,3
Guinea,GIN,1,Connectivity and infrastructure,Analysis,Mobile internet trends,GSMA,https://www.gsma.com/r/somic/,3
Guinea,GIN,1,Connectivity and infrastructure,Analysis,Global indicators & benchmarks,ITU,https://www.itu.int/en/ITU-D/Statistics/pages/facts/default.aspx,3
Guinea,GIN,3,Responsibility and sustainability,Analysis,Digital economy & governance,World Bank,https://www.worldbank.org/en/publication/digital-progress-and-trends-report,3
Guinea,GIN,4,Trust and resilience,Analysis,Shutdowns,Access Now,https://www.accessnow.org/wp-content/uploads/2025/02/KeepItOn-2024-Internet-Shutdowns-Annual-Report.pdf,3
Guinea,GIN,2,Rights and freedoms,Analysis,Network disruptions & censorship,NetBlocks,https://netblocks.org/reports,3
Guinea-Bissau,GNB,1,Connectivity and infrastructure,Analysis,Resilience & infrastructure,Internet Society,https://pulse.internetsociety.org/en/reports/GW,3
Guinea-Bissau,GNB,4,Trust and resilience,Analysis,Internet resilience,Internet Society,https://pulse.internetsociety.org/en/resilience/GW,3
Guinea-Bissau,GNB,1,Connectivity and infrastructure,Analysis,Mobile connectivity enablers,GSMA,https://www.mobileconnectivityindex.com/assets/excelData/MCI_data_2025.xlsx,3
Guinea-Bissau,GNB,1,Connectivity and infrastructure,Analysis,Mobile internet trends,GSMA,https://www.gsma.com/r/somic/,3
Guinea-Bissau,GNB,1,Connectivity and infrastructure,Analysis,Global indicators & benchmarks,ITU,https://www.itu.int/en/ITU-D/Statistics/pages/facts/default.aspx,3
Guinea-Bissau,GNB,3,Responsibility and sustainability,Analysis,Digital economy & governance,World Bank,https://www.worldbank.org/en/publication/digital-progress-and-trends-report,3
Guinea-Bissau,GNB,4,Trust and resilience,Analysis,Shutdowns,Access Now,https://www.accessnow.org/wp-content/uploads/2025/02/KeepItOn-2024-Internet-Shutdowns-Annual-Report.pdf,3
Guinea-Bissau,GNB,2,Rights and freedoms,Analysis,Network disruptions & censorship,NetBlocks,https://netblocks.org/reports,3
Guyana,GUY,1,Connectivity and infrastructure,Analysis,Resilience & infrastructure,Internet Society,https://pulse.internetsociety.org/en/reports/GY,3
Guyana,GUY,4,Trust and resilience,Analysis,Internet resilience,Internet Society,https://pulse.internetsociety.org/en/resilience/GY,3
Guyana,GUY,1,Connectivity and infrastructure,Analysis,Mobile connectivity enablers,GSMA,https://www.mobileconnectivityindex.com/assets/excelData/MCI_data_2025.xlsx,3
Guyana,GUY,1,Connectivity and infrastructure,Analysis,Mobile internet trends,GSMA,https://www.gsma.com/r/somic/,3
Guyana,GUY,1,Connectivity and infrastructure,Analysis,Global indicators & benchmarks,ITU,https://www.itu.int/en/ITU-D/Statistics/pages/facts/default.aspx,3
Guyana,GUY,3,Responsibility and sustainability,Analysis,Digital economy & governance,World Bank,https://www.worldbank.org/en/publication/digital-progress-and-trends-report,3
Guyana,GUY,4,Trust and resilience,Analysis,Shutdowns,Access Now,https://www.accessnow.org/wp-content/uploads/2025/02/KeepItOn-2024-Internet-Shutdowns-Annual-Report.pdf,3
Guyana,GUY,2,Rights and freedoms,Analysis,Network disruptions & censorship,NetBlocks,https://netblocks.org/reports,3
Honduras,HND,1,Connectivity and infrastructure,Analysis,Resilience & infrastructure,Internet Society,https://pulse.internetsociety.org/en/reports/HN,2
Honduras,HND,4,Trust and resilience,Analysis,Internet resilience,Internet Society,https://pulse.internetsociety.org/en/resilience/HN,2
Honduras,HND,2,Rights and freedoms,Analysis,Digital rights,Freedom House,https://freedomhouse.org/country/guatemala/freedom-net/2024,2
Honduras,HND,1,Connectivity and infrastructure,Analysis,Mobile connectivity enablers,GSMA,https://www.mobileconnectivityindex.com/assets/excelData/MCI_data_2025.xlsx,2
Honduras,HND,1,Connectivity and infrastructure,Analysis,Mobile internet trends,GSMA,https://www.gsma.com/r/somic/,2
Honduras,HND,1,Connectivity and infrastructure,Analysis,Global indicators & benchmarks,ITU,https://www.itu.int/en/ITU-D/Statistics/pages/facts/default.aspx,2
Honduras,HND,3,Responsibility and sustainability,Analysis,Digital economy & governance,World Bank,https://www.worldbank.org/en/publication/digital-progress-and-trends-report,2
Honduras,HND,4,Trust and resilience,Analysis,Shutdowns,Access Now,https://www.accessnow.org/wp-content/uploads/2025/02/KeepItOn-2024-Internet-Shutdowns-Annual-Report.pdf,2
Honduras,HND,2,Rights and freedoms,Analysis,Network disruptions & censorship,NetBlocks,https://netblocks.org/reports,2
Honduras,HND,3,Responsibility and sustainability,Analysis,Trends & governance,Internet Society,https://www.internetsociety.org/globalinternetreport/,2
Hungary,HUN,2,Rights and freedoms,Analysis,Digital rights,Freedom House,https://freedomhouse.org/country/hungary/freedom-net/2024,2
India,IND,2,Rights and freedoms,Project,DigiLocker (India),GIFI,NA,1
India,IND,1,Connectivity and infrastructure,Analysis,Resilience & infrastructure,Internet Society,https://pulse.internetsociety.org/en/reports/IN,2
India,IND,4,Trust and resilience,Analysis,Internet resilience,Internet Society,https://pulse.internetsociety.org/en/resilience/IN,2
India,IND,2,Rights and freedoms,Analysis,Digital rights,Freedom House,https://freedomhouse.org/country/india/freedom-net/2024,2
India,IND,1,Connectivity and infrastructure,Analysis,Mobile connectivity enablers,GSMA,https://www.mobileconnectivityindex.com/assets/excelData/MCI_data_2025.xlsx,2
India,IND,1,Connectivity and infrastructure,Analysis,Mobile internet trends,GSMA,https://www.gsma.com/r/somic/,2
India,IND,1,Connectivity and infrastructure,Analysis,Global indicators & benchmarks,ITU,https://www.itu.int/en/ITU-D/Statistics/pages/facts/default.aspx,2
India,IND,3,Responsibility and sustainability,Analysis,Digital economy & governance,World Bank,https://www.worldbank.org/en/publication/digital-progress-and-trends-report,2
India,IND,4,Trust and resilience,Analysis,Shutdowns,Access Now,https://www.accessnow.org/wp-content/uploads/2025/02/KeepItOn-2024-Internet-Shutdowns-Annual-Report.pdf,2
India,IND,2,Rights and freedoms,Analysis,Network disruptions & censorship,NetBlocks,https://netblocks.org/reports,2
India,IND,3,Responsibility and sustainability,Analysis,Trends & governance,Internet Society,https://www.internetsociety.org/globalinternetreport/,2
India,IND,3,Responsibility and sustainability,Project,DigiLocker (India),GIFI,NA,1
Indonesia,IDN,1,Connectivity and infrastructure,Analysis,Resilience & infrastructure,Internet Society,https://pulse.internetsociety.org/en/reports/ID,2
Indonesia,IDN,4,Trust and resilience,Analysis,Internet resilience,Internet Society,https://pulse.internetsociety.org/en/resilience/ID,2
Indonesia,IDN,2,Rights and freedoms,Analysis,Digital rights,Freedom House,https://freedomhouse.org/country/indonesia/freedom-net/2024,2
Indonesia,IDN,1,Connectivity and infrastructure,Analysis,Mobile connectivity enablers,GSMA,https://www.mobileconnectivityindex.com/assets/excelData/MCI_data_2025.xlsx,2
Indonesia,IDN,1,Connectivity and infrastructure,Analysis,Mobile internet trends,GSMA,https://www.gsma.com/r/somic/,2
Indonesia,IDN,1,Connectivity and infrastructure,Analysis,Global indicators & benchmarks,ITU,https://www.itu.int/en/ITU-D/Statistics/pages/facts/default.aspx,2
Indonesia,IDN,3,Responsibility and sustainability,Analysis,Digital economy & governance,World Bank,https://www.worldbank.org/en/publication/digital-progress-and-trends-report,2
Indonesia,IDN,4,Trust and resilience,Analysis,Shutdowns,Access Now,https://www.accessnow.org/wp-content/uploads/2025/02/KeepItOn-2024-Internet-Shutdowns-Annual-Report.pdf,2
Indonesia,IDN,2,Rights and freedoms,Analysis,Network disruptions & censorship,NetBlocks,https://netblocks.org/reports,2
Indonesia,IDN,3,Responsibility and sustainability,Analysis,Trends & governance,Internet Society,https://www.internetsociety.org/globalinternetreport/,2
Indonesia,IDN,2,Rights and freedoms,Analysis,Digital rights & online expression,SafeNet,https://safenet.or.id/id/2025/02/laporan-situasi-hak-hak-digital-indonesia-2024/,NA
Iran,IRN,2,Rights and freedoms,Academic,Diaspora journalism,IJP/P,https://doi.org/10.1177/1940161224129,4
Israel,ISR,2,Rights and freedoms,Analysis,Digital rights,Freedom House,https://freedomhouse.org/country/israel/freedom-net/2024,2
Italy,ITA,2,Rights and freedoms,Analysis,Digital rights,Freedom House,https://freedomhouse.org/country/italy/freedom-net/2024,2
Jamaica,JAM,3,Inclusive and Affordable Access to the Internet,Source,National Broadband Initiative (Jamaica),Government,"https://jis.gov.jm/over-620-educational-institutions-now-have-internet-access-via-the-national-broadband-initiative/#:~:text=The%20national%20broadband%20network%20aims,speed%20as%20a%20basic%20requirement.",1
Japan,JPN,2,Rights and freedoms,Analysis,Digital rights,Freedom House,https://freedomhouse.org/country/japan/freedom-net/2024,2
Kazakhstan,KAZ,1,Connectivity and infrastructure,Analysis,Internet Landscape (Kazakhstan),Internet Society,https://www.internetsociety.org/resources/doc/2025/kazakhstan-internet-landscape/,1
Kenya,KEN,1,Connectivity and infrastructure,Analysis,Resilience & infrastructure,Internet Society,https://pulse.internetsociety.org/en/reports/KE,2
Kenya,KEN,4,Trust and resilience,Analysis,Internet resilience,Internet Society,https://pulse.internetsociety.org/en/resilience/KE,2
Kenya,KEN,2,Rights and freedoms,Analysis,Digital rights,Freedom House,https://freedomhouse.org/country/kenya/freedom-net/2024,2
Kenya,KEN,1,Connectivity and infrastructure,Analysis,Mobile connectivity enablers,GSMA,https://www.mobileconnectivityindex.com/assets/excelData/MCI_data_2025.xlsx,2
Kenya,KEN,1,Connectivity and infrastructure,Analysis,Mobile internet trends,GSMA,https://www.gsma.com/r/somic/,2
Kenya,KEN,1,Connectivity and infrastructure,Analysis,Global indicators & benchmarks,ITU,https://www.itu.int/en/ITU-D/Statistics/pages/facts/default.aspx,2
Kenya,KEN,3,Responsibility and sustainability,Analysis,Digital economy & governance,World Bank,https://www.worldbank.org/en/publication/digital-progress-and-trends-report,2
Kenya,KEN,4,Trust and resilience,Analysis,Shutdowns,Access Now,https://www.accessnow.org/wp-content/uploads/2025/02/KeepItOn-2024-Internet-Shutdowns-Annual-Report.pdf,2
Kenya,KEN,2,Rights and freedoms,Analysis,Network disruptions & censorship,NetBlocks,https://netblocks.org/reports,2
Kenya,KEN,3,Responsibility and sustainability,Analysis,Trends & governance,Internet Society,https://www.internetsociety.org/globalinternetreport/,2
Kenya,KEN,3,Responsibility and sustainability,Project,Ajira Digital (Kenya),GIFI,NA,1
Kenya,KEN,3,Responsibility and sustainability,Source,Data Protection Act (Kenya),Government,https://www.kentrade.go.ke/wp-content/uploads/2022/09/Data-Protection-Act-1.pdf,1
Kenya,KEN,2,Rights and freedoms,Source,Data Protection Act (Kenya),Government,https://www.kentrade.go.ke/wp-content/uploads/2022/09/Data-Protection-Act-1.pdf,1
Kenya,KEN,1,Connectivity and infrastructure,Analysis,IMRS Infrastructure (Kenya),GIFI,NA,1
Kenya,KEN,4,Trust and resilience,Analysis,IMRS Infrastructure (Kenya),GIFI,NA,1
Kenya,KEN,1,Connectivity and infrastructure,Analysis,Digital transformation journey,Research ICT Africa,https://researchictafrica.net/research/digital-africa-post-the-pandemic-kenya-report/,3
Kosovo,XKX,1,Connectivity and infrastructure,Analysis,Rural Broadband Program (Kosovo),GIFI,NA,1
Latvia,LVA,2,Rights and freedoms,Analysis,Digital rights,Freedom House,https://freedomhouse.org/country/latvia/freedom-net/2024,2
Lesotho,LSO,1,Connectivity and infrastructure,Analysis,Resilience & infrastructure,Internet Society,https://pulse.internetsociety.org/en/reports/LS,3
Lesotho,LSO,4,Trust and resilience,Analysis,Internet resilience,Internet Society,https://pulse.internetsociety.org/en/resilience/LS,3
Lesotho,LSO,1,Connectivity and infrastructure,Analysis,Mobile connectivity enablers,GSMA,https://www.mobileconnectivityindex.com/assets/excelData/MCI_data_2025.xlsx,3
Lesotho,LSO,1,Connectivity and infrastructure,Analysis,Mobile internet trends,GSMA,https://www.gsma.com/r/somic/,3
Lesotho,LSO,1,Connectivity and infrastructure,Analysis,Global indicators & benchmarks,ITU,https://www.itu.int/en/ITU-D/Statistics/pages/facts/default.aspx,3
Lesotho,LSO,3,Responsibility and sustainability,Analysis,Digital economy & governance,World Bank,https://www.worldbank.org/en/publication/digital-progress-and-trends-report,3
Lesotho,LSO,4,Trust and resilience,Analysis,Shutdowns,Access Now,https://www.accessnow.org/wp-content/uploads/2025/02/KeepItOn-2024-Internet-Shutdowns-Annual-Report.pdf,3
Lesotho,LSO,2,Rights and freedoms,Analysis,Network disruptions & censorship,NetBlocks,https://netblocks.org/reports,3
Liberia,LBR,1,Connectivity and infrastructure,Analysis,Resilience & infrastructure,Internet Society,https://pulse.internetsociety.org/en/reports/LR,3
Liberia,LBR,4,Trust and resilience,Analysis,Internet resilience,Internet Society,https://pulse.internetsociety.org/en/resilience/LR,3
Liberia,LBR,1,Connectivity and infrastructure,Analysis,Mobile connectivity enablers,GSMA,https://www.mobileconnectivityindex.com/assets/excelData/MCI_data_2025.xlsx,3
Liberia,LBR,1,Connectivity and infrastructure,Analysis,Mobile internet trends,GSMA,https://www.gsma.com/r/somic/,3
Liberia,LBR,1,Connectivity and infrastructure,Analysis,Global indicators & benchmarks,ITU,https://www.itu.int/en/ITU-D/Statistics/pages/facts/default.aspx,3
Liberia,LBR,3,Responsibility and sustainability,Analysis,Digital economy & governance,World Bank,https://www.worldbank.org/en/publication/digital-progress-and-trends-report,3
Liberia,LBR,4,Trust and resilience,Analysis,Shutdowns,Access Now,https://www.accessnow.org/wp-content/uploads/2025/02/KeepItOn-2024-Internet-Shutdowns-Annual-Report.pdf,3
Liberia,LBR,2,Rights and freedoms,Analysis,Network disruptions & censorship,NetBlocks,https://netblocks.org/reports,3
Libya,LBY,1,Connectivity and infrastructure,Analysis,Resilience & infrastructure,Internet Society,https://pulse.internetsociety.org/en/reports/LY,3
Libya,LBY,4,Trust and resilience,Analysis,Internet resilience,Internet Society,https://pulse.internetsociety.org/en/resilience/LY,3
Libya,LBY,1,Connectivity and infrastructure,Analysis,Mobile connectivity enablers,GSMA,https://www.mobileconnectivityindex.com/assets/excelData/MCI_data_2025.xlsx,3
Libya,LBY,1,Connectivity and infrastructure,Analysis,Mobile internet trends,GSMA,https://www.gsma.com/r/somic/,3
Libya,LBY,1,Connectivity and infrastructure,Analysis,Global indicators & benchmarks,ITU,https://www.itu.int/en/ITU-D/Statistics/pages/facts/default.aspx,3
Libya,LBY,3,Responsibility and sustainability,Analysis,Digital economy & governance,World Bank,https://www.worldbank.org/en/publication/digital-progress-and-trends-report,3
Libya,LBY,4,Trust and resilience,Analysis,Shutdowns,Access Now,https://www.accessnow.org/wp-content/uploads/2025/02/KeepItOn-2024-Internet-Shutdowns-Annual-Report.pdf,3
Libya,LBY,2,Rights and freedoms,Analysis,Network disruptions & censorship,NetBlocks,https://netblocks.org/reports,3
Lithuania,LTU,2,Rights and freedoms,Analysis,Digital rights,Freedom House,https://freedomhouse.org/country/lithuania/freedom-net/2024,2
Luxembourg,LUX,2,Rights and freedoms,Analysis,Digital rights,Freedom House,https://freedomhouse.org/country/luxembourg/freedom-net/2024,2
Madagascar,MDG,1,Connectivity and infrastructure,Analysis,Resilience & infrastructure,Internet Society,https://pulse.internetsociety.org/en/reports/MG,3
Madagascar,MDG,4,Trust and resilience,Analysis,Internet resilience,Internet Society,https://pulse.internetsociety.org/en/resilience/MG,3
Madagascar,MDG,1,Connectivity and infrastructure,Analysis,Mobile connectivity enablers,GSMA,https://www.mobileconnectivityindex.com/assets/excelData/MCI_data_2025.xlsx,3
Madagascar,MDG,1,Connectivity and infrastructure,Analysis,Mobile internet trends,GSMA,https://www.gsma.com/r/somic/,3
Madagascar,MDG,1,Connectivity and infrastructure,Analysis,Global indicators & benchmarks,ITU,https://www.itu.int/en/ITU-D/Statistics/pages/facts/default.aspx,3
Madagascar,MDG,3,Responsibility and sustainability,Analysis,Digital economy & governance,World Bank,https://www.worldbank.org/en/publication/digital-progress-and-trends-report,3
Madagascar,MDG,4,Trust and resilience,Analysis,Shutdowns,Access Now,https://www.accessnow.org/wp-content/uploads/2025/02/KeepItOn-2024-Internet-Shutdowns-Annual-Report.pdf,3
Madagascar,MDG,2,Rights and freedoms,Analysis,Network disruptions & censorship,NetBlocks,https://netblocks.org/reports,3
Malawi,MWI,1,Connectivity and infrastructure,Project,Digital Foundations Project (Malawi),GIFI,NA,1
Malawi,MWI,3,Responsibility and sustainability,Project,Digital Foundations Project (Malawi),GIFI,NA,1
Malawi,MWI,1,Connectivity and infrastructure,Project,Internet for Schools (Malawi),Internet Society,https://www.isocfoundation.org/story/a-sustainable-internet-for-schools-and-communities-in-rural-malawi/?utm_source=Internet+Society+Foundation&utm_campaign=2bb660c9fd-Malawi+Connectivity+in+Schools+and+Communities&utm_medium=email&utm_term=0_c552f5914f-b6a0c025fd-295558862,1
Malawi,MWI,1,Connectivity and infrastructure,Analysis,Resilience & infrastructure,Internet Society,https://pulse.internetsociety.org/en/reports/MW,3
Malawi,MWI,4,Trust and resilience,Analysis,Internet resilience,Internet Society,https://pulse.internetsociety.org/en/resilience/MW,3
Malawi,MWI,1,Connectivity and infrastructure,Analysis,Mobile connectivity enablers,GSMA,https://www.mobileconnectivityindex.com/assets/excelData/MCI_data_2025.xlsx,3
Malawi,MWI,1,Connectivity and infrastructure,Analysis,Mobile internet trends,GSMA,https://www.gsma.com/r/somic/,3
Malawi,MWI,1,Connectivity and infrastructure,Analysis,Global indicators & benchmarks,ITU,https://www.itu.int/en/ITU-D/Statistics/pages/facts/default.aspx,3
Malawi,MWI,3,Responsibility and sustainability,Analysis,Digital economy & governance,World Bank,https://www.worldbank.org/en/publication/digital-progress-and-trends-report,3
Malawi,MWI,4,Trust and resilience,Analysis,Shutdowns,Access Now,https://www.accessnow.org/wp-content/uploads/2025/02/KeepItOn-2024-Internet-Shutdowns-Annual-Report.pdf,3
Malawi,MWI,2,Rights and freedoms,Analysis,Network disruptions & censorship,NetBlocks,https://netblocks.org/reports,3
Malaysia,MYS,1,Connectivity and infrastructure,Analysis,Resilience & infrastructure,Internet Society,https://pulse.internetsociety.org/en/reports/MY,2
Malaysia,MYS,4,Trust and resilience,Analysis,Internet resilience,Internet Society,https://pulse.internetsociety.org/en/resilience/MY,2
Malaysia,MYS,2,Rights and freedoms,Analysis,Digital rights,Freedom House,https://freedomhouse.org/country/malaysia/freedom-net/2024,2
Malaysia,MYS,1,Connectivity and infrastructure,Analysis,Mobile connectivity enablers,GSMA,https://www.mobileconnectivityindex.com/assets/excelData/MCI_data_2025.xlsx,2
Malaysia,MYS,1,Connectivity and infrastructure,Analysis,Mobile internet trends,GSMA,https://www.gsma.com/r/somic/,2
Malaysia,MYS,1,Connectivity and infrastructure,Analysis,Global indicators & benchmarks,ITU,https://www.itu.int/en/ITU-D/Statistics/pages/facts/default.aspx,2
Malaysia,MYS,3,Responsibility and sustainability,Analysis,Digital economy & governance,World Bank,https://www.worldbank.org/en/publication/digital-progress-and-trends-report,2
Malaysia,MYS,4,Trust and resilience,Analysis,Shutdowns,Access Now,https://www.accessnow.org/wp-content/uploads/2025/02/KeepItOn-2024-Internet-Shutdowns-Annual-Report.pdf,2
Malaysia,MYS,2,Rights and freedoms,Analysis,Network disruptions & censorship,NetBlocks,https://netblocks.org/reports,2
Malaysia,MYS,3,Responsibility and sustainability,Analysis,Trends & governance,Internet Society,https://www.internetsociety.org/globalinternetreport/,2
Maldives,MDV,3,Responsibility and sustainability,Analysis,Digital Climate Data (Maldives),GIFI,NA,1
Mali,MLI,1,Connectivity and infrastructure,Analysis,Resilience & infrastructure,Internet Society,https://pulse.internetsociety.org/en/reports/ML,3
Mali,MLI,4,Trust and resilience,Analysis,Internet resilience,Internet Society,https://pulse.internetsociety.org/en/resilience/ML,3
Mali,MLI,1,Connectivity and infrastructure,Analysis,Mobile connectivity enablers,GSMA,https://www.mobileconnectivityindex.com/assets/excelData/MCI_data_2025.xlsx,3
Mali,MLI,1,Connectivity and infrastructure,Analysis,Mobile internet trends,GSMA,https://www.gsma.com/r/somic/,3
Mali,MLI,1,Connectivity and infrastructure,Analysis,Global indicators & benchmarks,ITU,https://www.itu.int/en/ITU-D/Statistics/pages/facts/default.aspx,3
Mali,MLI,3,Responsibility and sustainability,Analysis,Digital economy & governance,World Bank,https://www.worldbank.org/en/publication/digital-progress-and-trends-report,3
Mali,MLI,4,Trust and resilience,Analysis,Shutdowns,Access Now,https://www.accessnow.org/wp-content/uploads/2025/02/KeepItOn-2024-Internet-Shutdowns-Annual-Report.pdf,3
Mali,MLI,2,Rights and freedoms,Analysis,Network disruptions & censorship,NetBlocks,https://netblocks.org/reports,3
Mauritania,MRT,1,Connectivity and infrastructure,Analysis,West Africa Regional Communications Infrastructure (Mauritania),GIFI,NA,1
Mauritania,MRT,1,Connectivity and infrastructure,Analysis,Resilience & infrastructure,Internet Society,https://pulse.internetsociety.org/en/reports/MR,3
Mauritania,MRT,4,Trust and resilience,Analysis,Internet resilience,Internet Society,https://pulse.internetsociety.org/en/resilience/MR,3
Mauritania,MRT,1,Connectivity and infrastructure,Analysis,Mobile connectivity enablers,GSMA,https://www.mobileconnectivityindex.com/assets/excelData/MCI_data_2025.xlsx,3
Mauritania,MRT,1,Connectivity and infrastructure,Analysis,Mobile internet trends,GSMA,https://www.gsma.com/r/somic/,3
Mauritania,MRT,1,Connectivity and infrastructure,Analysis,Global indicators & benchmarks,ITU,https://www.itu.int/en/ITU-D/Statistics/pages/facts/default.aspx,3
Mauritania,MRT,3,Responsibility and sustainability,Analysis,Digital economy & governance,World Bank,https://www.worldbank.org/en/publication/digital-progress-and-trends-report,3
Mauritania,MRT,4,Trust and resilience,Analysis,Shutdowns,Access Now,https://www.accessnow.org/wp-content/uploads/2025/02/KeepItOn-2024-Internet-Shutdowns-Annual-Report.pdf,3
Mauritania,MRT,2,Rights and freedoms,Analysis,Network disruptions & censorship,NetBlocks,https://netblocks.org/reports,3
Mauritius,MUS,1,Connectivity and infrastructure,Analysis,Resilience & infrastructure,Internet Society,https://pulse.internetsociety.org/en/reports/MU,3
Mauritius,MUS,4,Trust and resilience,Analysis,Internet resilience,Internet Society,https://pulse.internetsociety.org/en/resilience/MU,3
Mauritius,MUS,1,Connectivity and infrastructure,Analysis,Mobile connectivity enablers,GSMA,https://www.mobileconnectivityindex.com/assets/excelData/MCI_data_2025.xlsx,3
Mauritius,MUS,1,Connectivity and infrastructure,Analysis,Mobile internet trends,GSMA,https://www.gsma.com/r/somic/,3
Mauritius,MUS,1,Connectivity and infrastructure,Analysis,Global indicators & benchmarks,ITU,https://www.itu.int/en/ITU-D/Statistics/pages/facts/default.aspx,3
Mauritius,MUS,3,Responsibility and sustainability,Analysis,Digital economy & governance,World Bank,https://www.worldbank.org/en/publication/digital-progress-and-trends-report,3
Mauritius,MUS,4,Trust and resilience,Analysis,Shutdowns,Access Now,https://www.accessnow.org/wp-content/uploads/2025/02/KeepItOn-2024-Internet-Shutdowns-Annual-Report.pdf,3
Mauritius,MUS,2,Rights and freedoms,Analysis,Network disruptions & censorship,NetBlocks,https://netblocks.org/reports,3
Mexico,MEX,1,Connectivity and infrastructure,Analysis,Resilience & infrastructure,Internet Society,https://pulse.internetsociety.org/en/reports/MX,2
Mexico,MEX,4,Trust and resilience,Analysis,Internet resilience,Internet Society,https://pulse.internetsociety.org/en/resilience/MX,2
Mexico,MEX,2,Rights and freedoms,Analysis,Digital rights,Freedom House,https://freedomhouse.org/country/mexico/freedom-net/2024,2
Mexico,MEX,1,Connectivity and infrastructure,Analysis,Mobile connectivity enablers,GSMA,https://www.mobileconnectivityindex.com/assets/excelData/MCI_data_2025.xlsx,2
Mexico,MEX,1,Connectivity and infrastructure,Analysis,Mobile internet trends,GSMA,https://www.gsma.com/r/somic/,2
Mexico,MEX,1,Connectivity and infrastructure,Analysis,Global indicators & benchmarks,ITU,https://www.itu.int/en/ITU-D/Statistics/pages/facts/default.aspx,2
Mexico,MEX,3,Responsibility and sustainability,Analysis,Digital economy & governance,World Bank,https://www.worldbank.org/en/publication/digital-progress-and-trends-report,2
Mexico,MEX,4,Trust and resilience,Analysis,Shutdowns,Access Now,https://www.accessnow.org/wp-content/uploads/2025/02/KeepItOn-2024-Internet-Shutdowns-Annual-Report.pdf,2
Mexico,MEX,2,Rights and freedoms,Analysis,Network disruptions & censorship,NetBlocks,https://netblocks.org/reports,2
Mexico,MEX,3,Responsibility and sustainability,Analysis,Trends & governance,Internet Society,https://www.internetsociety.org/globalinternetreport/,2
Mexico,MEX,2,Rights and freedoms,Analysis,Freedom of expression & access to information online,Article 19,https://articulo19.org/barrerasinformativas/,NA
Mexico,MEX,1,Connectivity and infrastructure,Project,Internet Para Todos (Mexico),Government,https://www.cfe.mx/internet-para-todos/pages/default.aspx,1
Mexico,MEX,4,Trust and resilience,Project,Multistakeholder Cooperation (Mexico),GIFI,NA,1
Mexico,MEX,3,Responsibility and sustainability,Analysis,AI & surveillance,R3D,https://r3d.mx/wp-content/uploads/NNVLC_-_digital.pdf,3
Mexico,MEX,1,Connectivity and infrastructure,Analysis,Connectivity policy,R3D,https://r3d.mx/wp-content/uploads/informe_conectividad.pdf,3
Mexico,MEX,3,Responsibility and sustainability,Analysis,Cybersecurity legislation & criminalisation,R3D,https://r3d.mx/wp-content/uploads/Informe-Ciberseguridad-digital.pdf,3
Mongolia,MNG,3,Responsibility and sustainability,Project,Smart Government Project (Mongolia),GIFI,NA,1
Morocco,MAR,1,Connectivity and infrastructure,Analysis,Resilience & infrastructure,Internet Society,https://pulse.internetsociety.org/en/reports/MA,2
Morocco,MAR,4,Trust and resilience,Analysis,Internet resilience,Internet Society,https://pulse.internetsociety.org/en/resilience/MA,2
Morocco,MAR,2,Rights and freedoms,Analysis,Digital rights,Freedom House,https://freedomhouse.org/country/morocco/freedom-net/2024,2
Morocco,MAR,1,Connectivity and infrastructure,Analysis,Mobile connectivity enablers,GSMA,https://www.mobileconnectivityindex.com/assets/excelData/MCI_data_2025.xlsx,2
Morocco,MAR,1,Connectivity and infrastructure,Analysis,Mobile internet trends,GSMA,https://www.gsma.com/r/somic/,2
Morocco,MAR,1,Connectivity and infrastructure,Analysis,Global indicators & benchmarks,ITU,https://www.itu.int/en/ITU-D/Statistics/pages/facts/default.aspx,2
Morocco,MAR,3,Responsibility and sustainability,Analysis,Digital economy & governance,World Bank,https://www.worldbank.org/en/publication/digital-progress-and-trends-report,2
Morocco,MAR,4,Trust and resilience,Analysis,Shutdowns,Access Now,https://www.accessnow.org/wp-content/uploads/2025/02/KeepItOn-2024-Internet-Shutdowns-Annual-Report.pdf,2
Morocco,MAR,2,Rights and freedoms,Analysis,Network disruptions & censorship,NetBlocks,https://netblocks.org/reports,2
Morocco,MAR,3,Responsibility and sustainability,Analysis,Trends & governance,Internet Society,https://www.internetsociety.org/globalinternetreport/,2
Mozambique,MOZ,3,Responsibility and sustainability,Project,Digital Governance and Economy Project (Mozambique),GIFI,NA,1
Mozambique,MOZ,1,Connectivity and infrastructure,Analysis,Resilience & infrastructure,Internet Society,https://pulse.internetsociety.org/en/reports/MZ,3
Mozambique,MOZ,4,Trust and resilience,Analysis,Internet resilience,Internet Society,https://pulse.internetsociety.org/en/resilience/MZ,3
Mozambique,MOZ,1,Connectivity and infrastructure,Analysis,Mobile connectivity enablers,GSMA,https://www.mobileconnectivityindex.com/assets/excelData/MCI_data_2025.xlsx,3
Mozambique,MOZ,1,Connectivity and infrastructure,Analysis,Mobile internet trends,GSMA,https://www.gsma.com/r/somic/,3
Mozambique,MOZ,1,Connectivity and infrastructure,Analysis,Global indicators & benchmarks,ITU,https://www.itu.int/en/ITU-D/Statistics/pages/facts/default.aspx,3
Mozambique,MOZ,3,Responsibility and sustainability,Analysis,Digital economy & governance,World Bank,https://www.worldbank.org/en/publication/digital-progress-and-trends-report,3
Mozambique,MOZ,4,Trust and resilience,Analysis,Shutdowns,Access Now,https://www.accessnow.org/wp-content/uploads/2025/02/KeepItOn-2024-Internet-Shutdowns-Annual-Report.pdf,3
Mozambique,MOZ,2,Rights and freedoms,Analysis,Network disruptions & censorship,NetBlocks,https://netblocks.org/reports,3
Myanmar/Burma,MMR,3,Responsibility and sustainability,Academic,Platforms governance,Open Reserch Europe,https://doi.org/10.12688/openreseurope.18820.2,4
Namibia,NAM,1,Connectivity and infrastructure,Analysis,Resilience & infrastructure,Internet Society,https://pulse.internetsociety.org/en/reports/NA,3
Namibia,NAM,4,Trust and resilience,Analysis,Internet resilience,Internet Society,https://pulse.internetsociety.org/en/resilience/NA,3
Namibia,NAM,1,Connectivity and infrastructure,Analysis,Mobile connectivity enablers,GSMA,https://www.mobileconnectivityindex.com/assets/excelData/MCI_data_2025.xlsx,3
Namibia,NAM,1,Connectivity and infrastructure,Analysis,Mobile internet trends,GSMA,https://www.gsma.com/r/somic/,3
Namibia,NAM,1,Connectivity and infrastructure,Analysis,Global indicators & benchmarks,ITU,https://www.itu.int/en/ITU-D/Statistics/pages/facts/default.aspx,3
Namibia,NAM,3,Responsibility and sustainability,Analysis,Digital economy & governance,World Bank,https://www.worldbank.org/en/publication/digital-progress-and-trends-report,3
Namibia,NAM,4,Trust and resilience,Analysis,Shutdowns,Access Now,https://www.accessnow.org/wp-content/uploads/2025/02/KeepItOn-2024-Internet-Shutdowns-Annual-Report.pdf,3
Namibia,NAM,2,Rights and freedoms,Analysis,Network disruptions & censorship,NetBlocks,https://netblocks.org/reports,3
Nepal,NPL,1,Connectivity and infrastructure,Analysis,Resilience & infrastructure,Internet Society,https://pulse.internetsociety.org/en/reports/NP,2
Nepal,NPL,4,Trust and resilience,Analysis,Internet resilience,Internet Society,https://pulse.internetsociety.org/en/resilience/NP,2
Nepal,NPL,2,Rights and freedoms,Analysis,Digital rights,Freedom House,https://freedomhouse.org/country/nepal/freedom-net/2024,2
Nepal,NPL,1,Connectivity and infrastructure,Analysis,Mobile connectivity enablers,GSMA,https://www.mobileconnectivityindex.com/assets/excelData/MCI_data_2025.xlsx,2
Nepal,NPL,1,Connectivity and infrastructure,Analysis,Mobile internet trends,GSMA,https://www.gsma.com/r/somic/,2
Nepal,NPL,1,Connectivity and infrastructure,Analysis,Global indicators & benchmarks,ITU,https://www.itu.int/en/ITU-D/Statistics/pages/facts/default.aspx,2
Nepal,NPL,3,Responsibility and sustainability,Analysis,Digital economy & governance,World Bank,https://www.worldbank.org/en/publication/digital-progress-and-trends-report,2
Nepal,NPL,4,Trust and resilience,Analysis,Shutdowns,Access Now,https://www.accessnow.org/wp-content/uploads/2025/02/KeepItOn-2024-Internet-Shutdowns-Annual-Report.pdf,2
Nepal,NPL,2,Rights and freedoms,Analysis,Network disruptions & censorship,NetBlocks,https://netblocks.org/reports,2
Nepal,NPL,3,Responsibility and sustainability,Analysis,Trends & governance,Internet Society,https://www.internetsociety.org/globalinternetreport/,2
Netherlands,NLD,2,Rights and freedoms,Project,The Shelter Cities Program (Netherlands),GIFI,NA,1
New Zealand,NZL,4,Trust and resilience,Analysis,"Usage, safety, attitudes to internet",Verian,https://internetnz.nz/assets/Archives/New-Zealands-Internet-Insights-2024.pdf,2
New Zealand,NZL,1,Connectivity and infrastructure,Source,Rural Broadband Initiative (New Zealand),Government,https://www.tcf.org.nz/broadband/rural-broadband,1
Nicaragua,NIC,1,Connectivity and infrastructure,Analysis,Resilience & infrastructure,Internet Society,https://pulse.internetsociety.org/en/reports/NI,2
Nicaragua,NIC,4,Trust and resilience,Analysis,Internet resilience,Internet Society,https://pulse.internetsociety.org/en/resilience/NI,2
Nicaragua,NIC,2,Rights and freedoms,Analysis,Digital rights,Freedom House,https://freedomhouse.org/country/nigeria/freedom-net/2024,2
Nicaragua,NIC,1,Connectivity and infrastructure,Analysis,Mobile connectivity enablers,GSMA,https://www.mobileconnectivityindex.com/assets/excelData/MCI_data_2025.xlsx,2
Nicaragua,NIC,1,Connectivity and infrastructure,Analysis,Mobile internet trends,GSMA,https://www.gsma.com/r/somic/,2
Nicaragua,NIC,1,Connectivity and infrastructure,Analysis,Global indicators & benchmarks,ITU,https://www.itu.int/en/ITU-D/Statistics/pages/facts/default.aspx,2
Nicaragua,NIC,3,Responsibility and sustainability,Analysis,Digital economy & governance,World Bank,https://www.worldbank.org/en/publication/digital-progress-and-trends-report,2
Nicaragua,NIC,4,Trust and resilience,Analysis,Shutdowns,Access Now,https://www.accessnow.org/wp-content/uploads/2025/02/KeepItOn-2024-Internet-Shutdowns-Annual-Report.pdf,2
Nicaragua,NIC,2,Rights and freedoms,Analysis,Network disruptions & censorship,NetBlocks,https://netblocks.org/reports,2
Nicaragua,NIC,3,Responsibility and sustainability,Analysis,Trends & governance,Internet Society,https://www.internetsociety.org/globalinternetreport/,2
Nigeria,NGA,1,Connectivity and infrastructure,Analysis,Resilience & infrastructure,Internet Society,https://pulse.internetsociety.org/en/reports/NG,2
Nigeria,NGA,4,Trust and resilience,Analysis,Internet resilience,Internet Society,https://pulse.internetsociety.org/en/resilience/NG,2
Nigeria,NGA,2,Rights and freedoms,Analysis,Digital rights,Freedom House,https://freedomhouse.org/country/nigeria/freedom-net/2024,2
Nigeria,NGA,1,Connectivity and infrastructure,Analysis,Mobile connectivity enablers,GSMA,https://www.mobileconnectivityindex.com/assets/excelData/MCI_data_2025.xlsx,2
Nigeria,NGA,1,Connectivity and infrastructure,Analysis,Mobile internet trends,GSMA,https://www.gsma.com/r/somic/,2
Nigeria,NGA,1,Connectivity and infrastructure,Analysis,Global indicators & benchmarks,ITU,https://www.itu.int/en/ITU-D/Statistics/pages/facts/default.aspx,2
Nigeria,NGA,3,Responsibility and sustainability,Analysis,Digital economy & governance,World Bank,https://www.worldbank.org/en/publication/digital-progress-and-trends-report,2
Nigeria,NGA,4,Trust and resilience,Analysis,Shutdowns,Access Now,https://www.accessnow.org/wp-content/uploads/2025/02/KeepItOn-2024-Internet-Shutdowns-Annual-Report.pdf,2
Nigeria,NGA,2,Rights and freedoms,Analysis,Network disruptions & censorship,NetBlocks,https://netblocks.org/reports,2
Nigeria,NGA,3,Responsibility and sustainability,Analysis,Trends & governance,Internet Society,https://www.internetsociety.org/globalinternetreport/,2
Nigeria,NGA,1,Connectivity and infrastructure,Analysis,Digital transformation journey,Research ICT Africa,https://researchictafrica.net/research/digital-africa-post-the-pandemic-nigeria-report/,3
Nigeria,NGA,3,Responsibility and sustainability,Analysis,Digital & microentreprises,Research ICT Africa,https://researchictafrica.net/research/digital-technology-adoption-in-microenterprises-nigeria-report/,3
Pakistan,PAK,1,Connectivity and infrastructure,Analysis,Resilience & infrastructure,Internet Society,https://pulse.internetsociety.org/en/reports/PK,2
Pakistan,PAK,4,Trust and resilience,Analysis,Internet resilience,Internet Society,https://pulse.internetsociety.org/en/resilience/PK,2
Pakistan,PAK,2,Rights and freedoms,Analysis,Digital rights,Freedom House,https://freedomhouse.org/country/pakistan/freedom-net/2024,2
Pakistan,PAK,1,Connectivity and infrastructure,Analysis,Mobile connectivity enablers,GSMA,https://www.mobileconnectivityindex.com/assets/excelData/MCI_data_2025.xlsx,2
Pakistan,PAK,1,Connectivity and infrastructure,Analysis,Mobile internet trends,GSMA,https://www.gsma.com/r/somic/,2
Pakistan,PAK,1,Connectivity and infrastructure,Analysis,Global indicators & benchmarks,ITU,https://www.itu.int/en/ITU-D/Statistics/pages/facts/default.aspx,2
Pakistan,PAK,3,Responsibility and sustainability,Analysis,Digital economy & governance,World Bank,https://www.worldbank.org/en/publication/digital-progress-and-trends-report,2
Pakistan,PAK,4,Trust and resilience,Analysis,Shutdowns,Access Now,https://www.accessnow.org/wp-content/uploads/2025/02/KeepItOn-2024-Internet-Shutdowns-Annual-Report.pdf,2
Pakistan,PAK,2,Rights and freedoms,Analysis,Network disruptions & censorship,NetBlocks,https://netblocks.org/reports,2
Pakistan,PAK,3,Responsibility and sustainability,Analysis,Trends & governance,Internet Society,https://www.internetsociety.org/globalinternetreport/,2
Paraguay,PRY,1,Connectivity and infrastructure,Analysis,Resilience & infrastructure,Internet Society,https://pulse.internetsociety.org/en/reports/PY,2
Paraguay,PRY,4,Trust and resilience,Analysis,Internet resilience,Internet Society,https://pulse.internetsociety.org/en/resilience/PY,2
Paraguay,PRY,2,Rights and freedoms,Analysis,Digital rights,Freedom House,https://freedomhouse.org/country/paraguay/freedom-net/2024,2
Paraguay,PRY,1,Connectivity and infrastructure,Analysis,Mobile connectivity enablers,GSMA,https://www.mobileconnectivityindex.com/assets/excelData/MCI_data_2025.xlsx,2
Paraguay,PRY,1,Connectivity and infrastructure,Analysis,Mobile internet trends,GSMA,https://www.gsma.com/r/somic/,2
Paraguay,PRY,1,Connectivity and infrastructure,Analysis,Global indicators & benchmarks,ITU,https://www.itu.int/en/ITU-D/Statistics/pages/facts/default.aspx,2
Paraguay,PRY,3,Responsibility and sustainability,Analysis,Digital economy & governance,World Bank,https://www.worldbank.org/en/publication/digital-progress-and-trends-report,2
Paraguay,PRY,4,Trust and resilience,Analysis,Shutdowns,Access Now,https://www.accessnow.org/wp-content/uploads/2025/02/KeepItOn-2024-Internet-Shutdowns-Annual-Report.pdf,2
Paraguay,PRY,2,Rights and freedoms,Analysis,Network disruptions & censorship,NetBlocks,https://netblocks.org/reports,2
Paraguay,PRY,3,Responsibility and sustainability,Analysis,Trends & governance,Internet Society,https://www.internetsociety.org/globalinternetreport/,2
Paraguay,PRY,1,Connectivity and infrastructure,Source,National Connectivity Plan (Paraguay),GIFI,NA,1
Paraguay,PRY,3,Responsibility and sustainability,Source,National Connectivity Plan (Paraguay),GIFI,NA,1
Peru,PER,1,Connectivity and infrastructure,Analysis,Resilience & infrastructure,Internet Society,https://pulse.internetsociety.org/en/reports/PE,2
Peru,PER,4,Trust and resilience,Analysis,Internet resilience,Internet Society,https://pulse.internetsociety.org/en/resilience/PE,2
Peru,PER,2,Rights and freedoms,Analysis,Digital rights,Freedom House,https://freedomhouse.org/country/peru/freedom-net/2024,2
Peru,PER,1,Connectivity and infrastructure,Analysis,Mobile connectivity enablers,GSMA,https://www.mobileconnectivityindex.com/assets/excelData/MCI_data_2025.xlsx,2
Peru,PER,1,Connectivity and infrastructure,Analysis,Mobile internet trends,GSMA,https://www.gsma.com/r/somic/,2
Peru,PER,1,Connectivity and infrastructure,Analysis,Global indicators & benchmarks,ITU,https://www.itu.int/en/ITU-D/Statistics/pages/facts/default.aspx,2
Peru,PER,3,Responsibility and sustainability,Analysis,Digital economy & governance,World Bank,https://www.worldbank.org/en/publication/digital-progress-and-trends-report,2
Peru,PER,4,Trust and resilience,Analysis,Shutdowns,Access Now,https://www.accessnow.org/wp-content/uploads/2025/02/KeepItOn-2024-Internet-Shutdowns-Annual-Report.pdf,2
Peru,PER,2,Rights and freedoms,Analysis,Network disruptions & censorship,NetBlocks,https://netblocks.org/reports,2
Peru,PER,3,Responsibility and sustainability,Analysis,Trends & governance,Internet Society,https://www.internetsociety.org/globalinternetreport/,2
Philippines,PHL,1,Connectivity and infrastructure,Analysis,Resilience & infrastructure,Internet Society,https://pulse.internetsociety.org/en/reports/PH,2
Philippines,PHL,4,Trust and resilience,Analysis,Internet resilience,Internet Society,https://pulse.internetsociety.org/en/resilience/PH,2
Philippines,PHL,2,Rights and freedoms,Analysis,Digital rights,Freedom House,https://freedomhouse.org/country/philippines/freedom-net/2024,2
Philippines,PHL,1,Connectivity and infrastructure,Analysis,Mobile connectivity enablers,GSMA,https://www.mobileconnectivityindex.com/assets/excelData/MCI_data_2025.xlsx,2
Philippines,PHL,1,Connectivity and infrastructure,Analysis,Mobile internet trends,GSMA,https://www.gsma.com/r/somic/,2
Philippines,PHL,1,Connectivity and infrastructure,Analysis,Global indicators & benchmarks,ITU,https://www.itu.int/en/ITU-D/Statistics/pages/facts/default.aspx,2
Philippines,PHL,3,Responsibility and sustainability,Analysis,Digital economy & governance,World Bank,https://www.worldbank.org/en/publication/digital-progress-and-trends-report,2
Philippines,PHL,4,Trust and resilience,Analysis,Shutdowns,Access Now,https://www.accessnow.org/wp-content/uploads/2025/02/KeepItOn-2024-Internet-Shutdowns-Annual-Report.pdf,2
Philippines,PHL,2,Rights and freedoms,Analysis,Network disruptions & censorship,NetBlocks,https://netblocks.org/reports,2
Philippines,PHL,3,Responsibility and sustainability,Analysis,Trends & governance,Internet Society,https://www.internetsociety.org/globalinternetreport/,2
Poland,POL,2,Rights and freedoms,Analysis,Surveillance & platform regulation,Panoptykon,https://en.panoptykon.org/sites/default/files/panoptykon_digital_surveillance_2024.pdf,2
Russian Federation,RUS,2,Rights and freedoms,Analysis,"Censorship, surveillance, wartime controls",Freedom House,https://freedomhouse.org/country/russia/freedom-net/2024,2
Rwanda,RWA,1,Connectivity and infrastructure,Analysis,Resilience & infrastructure,Internet Society,https://pulse.internetsociety.org/en/reports/RW,2
Rwanda,RWA,4,Trust and resilience,Analysis,Internet resilience,Internet Society,https://pulse.internetsociety.org/en/resilience/RW,2
Rwanda,RWA,2,Rights and freedoms,Analysis,Digital rights,Freedom House,https://freedomhouse.org/country/rwanda/freedom-net/2024,2
Rwanda,RWA,1,Connectivity and infrastructure,Analysis,Mobile connectivity enablers,GSMA,https://www.mobileconnectivityindex.com/assets/excelData/MCI_data_2025.xlsx,2
Rwanda,RWA,1,Connectivity and infrastructure,Analysis,Mobile internet trends,GSMA,https://www.gsma.com/r/somic/,2
Rwanda,RWA,1,Connectivity and infrastructure,Analysis,Global indicators & benchmarks,ITU,https://www.itu.int/en/ITU-D/Statistics/pages/facts/default.aspx,2
Rwanda,RWA,3,Responsibility and sustainability,Analysis,Digital economy & governance,World Bank,https://www.worldbank.org/en/publication/digital-progress-and-trends-report,2
Rwanda,RWA,4,Trust and resilience,Analysis,Shutdowns,Access Now,https://www.accessnow.org/wp-content/uploads/2025/02/KeepItOn-2024-Internet-Shutdowns-Annual-Report.pdf,2
Rwanda,RWA,2,Rights and freedoms,Analysis,Network disruptions & censorship,NetBlocks,https://netblocks.org/reports,2
Rwanda,RWA,3,Responsibility and sustainability,Analysis,Trends & governance,Internet Society,https://www.internetsociety.org/globalinternetreport/,2
Saudi Arabia,SAU,4,Trust and resilience,Academic,Transnational repression,JCLQ,https://doi.org/10.1017/S0020589323000532,4
Saudi Arabia,SAU,2,Rights and freedoms,Analysis,"Censorship, platform blocks, surveillance",Freedom House,https://freedomhouse.org/country/saudi-arabia/freedom-net/2024,3
Senegal,SEN,1,Connectivity and infrastructure,Analysis,Resilience & infrastructure,Internet Society,https://pulse.internetsociety.org/en/reports/SN,2
Senegal,SEN,4,Trust and resilience,Analysis,Internet resilience,Internet Society,https://pulse.internetsociety.org/en/resilience/SN,2
Senegal,SEN,2,Rights and freedoms,Analysis,Digital rights,Freedom House,https://freedomhouse.org/country/senegal/freedom-net/2024,2
Senegal,SEN,1,Connectivity and infrastructure,Analysis,Mobile connectivity enablers,GSMA,https://www.mobileconnectivityindex.com/assets/excelData/MCI_data_2025.xlsx,2
Senegal,SEN,1,Connectivity and infrastructure,Analysis,Mobile internet trends,GSMA,https://www.gsma.com/r/somic/,2
Senegal,SEN,1,Connectivity and infrastructure,Analysis,Global indicators & benchmarks,ITU,https://www.itu.int/en/ITU-D/Statistics/pages/facts/default.aspx,2
Senegal,SEN,3,Responsibility and sustainability,Analysis,Digital economy & governance,World Bank,https://www.worldbank.org/en/publication/digital-progress-and-trends-report,2
Senegal,SEN,4,Trust and resilience,Analysis,Shutdowns,Access Now,https://www.accessnow.org/wp-content/uploads/2025/02/KeepItOn-2024-Internet-Shutdowns-Annual-Report.pdf,2
Senegal,SEN,2,Rights and freedoms,Analysis,Network disruptions & censorship,NetBlocks,https://netblocks.org/reports,2
Senegal,SEN,3,Responsibility and sustainability,Analysis,Trends & governance,Internet Society,https://www.internetsociety.org/globalinternetreport/,2
Seychelles,SYC,1,Connectivity and infrastructure,Analysis,Resilience & infrastructure,Internet Society,https://pulse.internetsociety.org/en/reports/SC,3
Seychelles,SYC,4,Trust and resilience,Analysis,Internet resilience,Internet Society,https://pulse.internetsociety.org/en/resilience/SC,3
Seychelles,SYC,1,Connectivity and infrastructure,Analysis,Mobile connectivity enablers,GSMA,https://www.mobileconnectivityindex.com/assets/excelData/MCI_data_2025.xlsx,3
Seychelles,SYC,1,Connectivity and infrastructure,Analysis,Mobile internet trends,GSMA,https://www.gsma.com/r/somic/,3
Seychelles,SYC,1,Connectivity and infrastructure,Analysis,Global indicators & benchmarks,ITU,https://www.itu.int/en/ITU-D/Statistics/pages/facts/default.aspx,3
Seychelles,SYC,3,Responsibility and sustainability,Analysis,Digital economy & governance,World Bank,https://www.worldbank.org/en/publication/digital-progress-and-trends-report,3
Seychelles,SYC,4,Trust and resilience,Analysis,Shutdowns,Access Now,https://www.accessnow.org/wp-content/uploads/2025/02/KeepItOn-2024-Internet-Shutdowns-Annual-Report.pdf,3
Seychelles,SYC,2,Rights and freedoms,Analysis,Network disruptions & censorship,NetBlocks,https://netblocks.org/reports,3
Sierra Leone,SLE,1,Connectivity and infrastructure,Analysis,Resilience & infrastructure,Internet Society,https://pulse.internetsociety.org/en/reports/SL,3
Sierra Leone,SLE,4,Trust and resilience,Analysis,Internet resilience,Internet Society,https://pulse.internetsociety.org/en/resilience/SL,3
Sierra Leone,SLE,1,Connectivity and infrastructure,Analysis,Mobile connectivity enablers,GSMA,https://www.mobileconnectivityindex.com/assets/excelData/MCI_data_2025.xlsx,3
Sierra Leone,SLE,1,Connectivity and infrastructure,Analysis,Mobile internet trends,GSMA,https://www.gsma.com/r/somic/,3
Sierra Leone,SLE,1,Connectivity and infrastructure,Analysis,Global indicators & benchmarks,ITU,https://www.itu.int/en/ITU-D/Statistics/pages/facts/default.aspx,3
Sierra Leone,SLE,3,Responsibility and sustainability,Analysis,Digital economy & governance,World Bank,https://www.worldbank.org/en/publication/digital-progress-and-trends-report,3
Sierra Leone,SLE,4,Trust and resilience,Analysis,Shutdowns,Access Now,https://www.accessnow.org/wp-content/uploads/2025/02/KeepItOn-2024-Internet-Shutdowns-Annual-Report.pdf,3
Sierra Leone,SLE,2,Rights and freedoms,Analysis,Network disruptions & censorship,NetBlocks,https://netblocks.org/reports,3
Singapore,SGP,1,Connectivity and infrastructure,Analysis,Resilience & infrastructure,Internet Society,https://pulse.internetsociety.org/en/reports/SG,2
Singapore,SGP,4,Trust and resilience,Analysis,Internet resilience,Internet Society,https://pulse.internetsociety.org/en/resilience/SG,2
Singapore,SGP,2,Rights and freedoms,Analysis,Digital rights,Freedom House,https://freedomhouse.org/country/singapore/freedom-net/2024,2
Singapore,SGP,1,Connectivity and infrastructure,Analysis,Mobile connectivity enablers,GSMA,https://www.mobileconnectivityindex.com/assets/excelData/MCI_data_2025.xlsx,2
Singapore,SGP,1,Connectivity and infrastructure,Analysis,Mobile internet trends,GSMA,https://www.gsma.com/r/somic/,2
Singapore,SGP,1,Connectivity and infrastructure,Analysis,Global indicators & benchmarks,ITU,https://www.itu.int/en/ITU-D/Statistics/pages/facts/default.aspx,2
Singapore,SGP,3,Responsibility and sustainability,Analysis,Digital economy & governance,World Bank,https://www.worldbank.org/en/publication/digital-progress-and-trends-report,2
Singapore,SGP,4,Trust and resilience,Analysis,Shutdowns,Access Now,https://www.accessnow.org/wp-content/uploads/2025/02/KeepItOn-2024-Internet-Shutdowns-Annual-Report.pdf,2
Singapore,SGP,2,Rights and freedoms,Analysis,Network disruptions & censorship,NetBlocks,https://netblocks.org/reports,2
Singapore,SGP,3,Responsibility and sustainability,Analysis,Trends & governance,Internet Society,https://www.internetsociety.org/globalinternetreport/,2
Singapore,SGP,3,Responsibility and sustainability,Analysis,APEX Cloud (Singapore),GIFI,NA,1
Singapore,SGP,4,Trust and resilience,Analysis,APEX Cloud (Singapore),GIFI,NA,1
Slovakia,SVK,2,Rights and freedoms,Analysis,Digital rights,Freedom House,https://freedomhouse.org/country/slovakia/freedom-net/2024,2
Slovenia,SVN,2,Rights and freedoms,Analysis,Digital rights,Freedom House,https://freedomhouse.org/country/slovenia/freedom-net/2024,2
Somalia,SOM,1,Connectivity and infrastructure,Analysis,Resilience & infrastructure,Internet Society,https://pulse.internetsociety.org/en/reports/SO,3
Somalia,SOM,4,Trust and resilience,Analysis,Internet resilience,Internet Society,https://pulse.internetsociety.org/en/resilience/SO,3
Somalia,SOM,1,Connectivity and infrastructure,Analysis,Mobile connectivity enablers,GSMA,https://www.mobileconnectivityindex.com/assets/excelData/MCI_data_2025.xlsx,3
Somalia,SOM,1,Connectivity and infrastructure,Analysis,Mobile internet trends,GSMA,https://www.gsma.com/r/somic/,3
Somalia,SOM,1,Connectivity and infrastructure,Analysis,Global indicators & benchmarks,ITU,https://www.itu.int/en/ITU-D/Statistics/pages/facts/default.aspx,3
Somalia,SOM,3,Responsibility and sustainability,Analysis,Digital economy & governance,World Bank,https://www.worldbank.org/en/publication/digital-progress-and-trends-report,3
Somalia,SOM,4,Trust and resilience,Analysis,Shutdowns,Access Now,https://www.accessnow.org/wp-content/uploads/2025/02/KeepItOn-2024-Internet-Shutdowns-Annual-Report.pdf,3
Somalia,SOM,2,Rights and freedoms,Analysis,Network disruptions & censorship,NetBlocks,https://netblocks.org/reports,3
South Africa,ZAF,1,Connectivity and infrastructure,Analysis,Resilience & infrastructure,Internet Society,https://pulse.internetsociety.org/en/reports/ZA,2
South Africa,ZAF,4,Trust and resilience,Analysis,Internet resilience,Internet Society,https://pulse.internetsociety.org/en/resilience/ZA,2
South Africa,ZAF,2,Rights and freedoms,Analysis,Digital rights,Freedom House,https://freedomhouse.org/country/south-africa/freedom-net/2024,2
South Africa,ZAF,1,Connectivity and infrastructure,Analysis,Mobile connectivity enablers,GSMA,https://www.mobileconnectivityindex.com/assets/excelData/MCI_data_2025.xlsx,2
South Africa,ZAF,1,Connectivity and infrastructure,Analysis,Mobile internet trends,GSMA,https://www.gsma.com/r/somic/,2
South Africa,ZAF,1,Connectivity and infrastructure,Analysis,Global indicators & benchmarks,ITU,https://www.itu.int/en/ITU-D/Statistics/pages/facts/default.aspx,2
South Africa,ZAF,3,Responsibility and sustainability,Analysis,Digital economy & governance,World Bank,https://www.worldbank.org/en/publication/digital-progress-and-trends-report,2
South Africa,ZAF,4,Trust and resilience,Analysis,Shutdowns,Access Now,https://www.accessnow.org/wp-content/uploads/2025/02/KeepItOn-2024-Internet-Shutdowns-Annual-Report.pdf,2
South Africa,ZAF,2,Rights and freedoms,Analysis,Network disruptions & censorship,NetBlocks,https://netblocks.org/reports,2
South Africa,ZAF,3,Responsibility and sustainability,Analysis,Trends & governance,Internet Society,https://www.internetsociety.org/globalinternetreport/,2
South Africa,ZAF,2,Rights and freedoms,Analysis,"Surveillance ecosystem, civil society impacts",ICNL,https://www.icnl.org/wp-content/uploads/South-Africa-Digital-Surveillance-report-final-1.pdf,2
South Africa,ZAF,1,Connectivity and infrastructure,Analysis,Digital transformation journey,Research ICT Africa,https://researchictafrica.net/research/digital-africa-post-the-pandemic-south-africa-report-after-access-2022-2023/,3
South Korea,KOR,4,Trust and resilience,Analysis,Digital rights litigation & policy advocacy,Government,https://www.opennetkorea.org/en/wp/6464,2
South Korea,KOR,1,Connectivity and infrastructure,Source,Broadband Korea (South Korea),Government,https://www.msit.go.kr/eng/bbs/view.do?bbsSeqNo=42&mId=4&mPid=2&nttSeqNo=753&sCode=eng,1
South Sudan,SSD,1,Connectivity and infrastructure,Analysis,Resilience & infrastructure,Internet Society,https://pulse.internetsociety.org/en/reports/SS,3
South Sudan,SSD,4,Trust and resilience,Analysis,Internet resilience,Internet Society,https://pulse.internetsociety.org/en/resilience/SS,3
South Sudan,SSD,1,Connectivity and infrastructure,Analysis,Mobile connectivity enablers,GSMA,https://www.mobileconnectivityindex.com/assets/excelData/MCI_data_2025.xlsx,3
South Sudan,SSD,1,Connectivity and infrastructure,Analysis,Mobile internet trends,GSMA,https://www.gsma.com/r/somic/,3
South Sudan,SSD,1,Connectivity and infrastructure,Analysis,Global indicators & benchmarks,ITU,https://www.itu.int/en/ITU-D/Statistics/pages/facts/default.aspx,3
South Sudan,SSD,3,Responsibility and sustainability,Analysis,Digital economy & governance,World Bank,https://www.worldbank.org/en/publication/digital-progress-and-trends-report,3
South Sudan,SSD,4,Trust and resilience,Analysis,Shutdowns,Access Now,https://www.accessnow.org/wp-content/uploads/2025/02/KeepItOn-2024-Internet-Shutdowns-Annual-Report.pdf,3
South Sudan,SSD,2,Rights and freedoms,Analysis,Network disruptions & censorship,NetBlocks,https://netblocks.org/reports,3
Spain,ESP,1,Connectivity and infrastructure,Project,Guifi.net project (Spain),GIFI,NA,1
Spain,ESP,2,Rights and freedoms,Analysis,Charter of Digital Rights (Spain),GIFI,NA,1
Sri Lanka,LKA,1,Connectivity and infrastructure,Analysis,Resilience & infrastructure,Internet Society,https://pulse.internetsociety.org/en/reports/LK,2
Sri Lanka,LKA,4,Trust and resilience,Analysis,Internet resilience,Internet Society,https://pulse.internetsociety.org/en/resilience/LK,2
Sri Lanka,LKA,2,Rights and freedoms,Analysis,Digital rights,Freedom House,https://freedomhouse.org/country/sri-lanka/freedom-net/2024,2
Sri Lanka,LKA,1,Connectivity and infrastructure,Analysis,Mobile connectivity enablers,GSMA,https://www.mobileconnectivityindex.com/assets/excelData/MCI_data_2025.xlsx,2
Sri Lanka,LKA,1,Connectivity and infrastructure,Analysis,Mobile internet trends,GSMA,https://www.gsma.com/r/somic/,2
Sri Lanka,LKA,1,Connectivity and infrastructure,Analysis,Global indicators & benchmarks,ITU,https://www.itu.int/en/ITU-D/Statistics/pages/facts/default.aspx,2
Sri Lanka,LKA,3,Responsibility and sustainability,Analysis,Digital economy & governance,World Bank,https://www.worldbank.org/en/publication/digital-progress-and-trends-report,2
Sri Lanka,LKA,4,Trust and resilience,Analysis,Shutdowns,Access Now,https://www.accessnow.org/wp-content/uploads/2025/02/KeepItOn-2024-Internet-Shutdowns-Annual-Report.pdf,2
Sri Lanka,LKA,2,Rights and freedoms,Analysis,Network disruptions & censorship,NetBlocks,https://netblocks.org/reports,2
Sri Lanka,LKA,3,Responsibility and sustainability,Analysis,Trends & governance,Internet Society,https://www.internetsociety.org/globalinternetreport/,2
Sri Lanka,LKA,2,Rights and freedoms,Analysis,Content online & criminalisation,LirneAsia,https://lirneasia.net/2023/10/making-sense-of-sri-lankas-efforts-to-criminalize-internet-content/,3
Sudan,SDN,1,Connectivity and infrastructure,Analysis,Resilience & infrastructure,Internet Society,https://pulse.internetsociety.org/en/reports/SD,3
Sudan,SDN,4,Trust and resilience,Analysis,Internet resilience,Internet Society,https://pulse.internetsociety.org/en/resilience/SD,3
Sudan,SDN,1,Connectivity and infrastructure,Analysis,Mobile connectivity enablers,GSMA,https://www.mobileconnectivityindex.com/assets/excelData/MCI_data_2025.xlsx,3
Sudan,SDN,1,Connectivity and infrastructure,Analysis,Mobile internet trends,GSMA,https://www.gsma.com/r/somic/,3
Sudan,SDN,1,Connectivity and infrastructure,Analysis,Global indicators & benchmarks,ITU,https://www.itu.int/en/ITU-D/Statistics/pages/facts/default.aspx,3
Sudan,SDN,3,Responsibility and sustainability,Analysis,Digital economy & governance,World Bank,https://www.worldbank.org/en/publication/digital-progress-and-trends-report,3
Sudan,SDN,4,Trust and resilience,Analysis,Shutdowns,Access Now,https://www.accessnow.org/wp-content/uploads/2025/02/KeepItOn-2024-Internet-Shutdowns-Annual-Report.pdf,3
Sudan,SDN,2,Rights and freedoms,Analysis,Network disruptions & censorship,NetBlocks,https://netblocks.org/reports,3
Suriname,SUR,1,Connectivity and infrastructure,Analysis,Resilience & infrastructure,Internet Society,https://pulse.internetsociety.org/en/reports/SR,3
Suriname,SUR,4,Trust and resilience,Analysis,Internet resilience,Internet Society,https://pulse.internetsociety.org/en/resilience/SR,3
Suriname,SUR,1,Connectivity and infrastructure,Analysis,Mobile connectivity enablers,GSMA,https://www.mobileconnectivityindex.com/assets/excelData/MCI_data_2025.xlsx,3
Suriname,SUR,1,Connectivity and infrastructure,Analysis,Mobile internet trends,GSMA,https://www.gsma.com/r/somic/,3
Suriname,SUR,1,Connectivity and infrastructure,Analysis,Global indicators & benchmarks,ITU,https://www.itu.int/en/ITU-D/Statistics/pages/facts/default.aspx,3
Suriname,SUR,3,Responsibility and sustainability,Analysis,Digital economy & governance,World Bank,https://www.worldbank.org/en/publication/digital-progress-and-trends-report,3
Suriname,SUR,4,Trust and resilience,Analysis,Shutdowns,Access Now,https://www.accessnow.org/wp-content/uploads/2025/02/KeepItOn-2024-Internet-Shutdowns-Annual-Report.pdf,3
Suriname,SUR,2,Rights and freedoms,Analysis,Network disruptions & censorship,NetBlocks,https://netblocks.org/reports,3
São Tomé and Príncipe,STP,1,Connectivity and infrastructure,Analysis,Resilience & infrastructure,Internet Society,https://pulse.internetsociety.org/en/reports/ST,3
São Tomé and Príncipe,STP,4,Trust and resilience,Analysis,Internet resilience,Internet Society,https://pulse.internetsociety.org/en/resilience/ST,3
São Tomé and Príncipe,STP,1,Connectivity and infrastructure,Analysis,Mobile connectivity enablers,GSMA,https://www.mobileconnectivityindex.com/assets/excelData/MCI_data_2025.xlsx,3
São Tomé and Príncipe,STP,1,Connectivity and infrastructure,Analysis,Mobile internet trends,GSMA,https://www.gsma.com/r/somic/,3
São Tomé and Príncipe,STP,1,Connectivity and infrastructure,Analysis,Global indicators & benchmarks,ITU,https://www.itu.int/en/ITU-D/Statistics/pages/facts/default.aspx,3
São Tomé and Príncipe,STP,3,Responsibility and sustainability,Analysis,Digital economy & governance,World Bank,https://www.worldbank.org/en/publication/digital-progress-and-trends-report,3
São Tomé and Príncipe,STP,4,Trust and resilience,Analysis,Shutdowns,Access Now,https://www.accessnow.org/wp-content/uploads/2025/02/KeepItOn-2024-Internet-Shutdowns-Annual-Report.pdf,3
São Tomé and Príncipe,STP,2,Rights and freedoms,Analysis,Network disruptions & censorship,NetBlocks,https://netblocks.org/reports,3
Thailand,THA,1,Connectivity and infrastructure,Analysis,Resilience & infrastructure,Internet Society,https://pulse.internetsociety.org/en/reports/TH,2
Thailand,THA,4,Trust and resilience,Analysis,Internet resilience,Internet Society,https://pulse.internetsociety.org/en/resilience/TH,2
Thailand,THA,2,Rights and freedoms,Analysis,Digital rights,Freedom House,https://freedomhouse.org/country/thailand/freedom-net/2024,2
Thailand,THA,1,Connectivity and infrastructure,Analysis,Mobile connectivity enablers,GSMA,https://www.mobileconnectivityindex.com/assets/excelData/MCI_data_2025.xlsx,2
Thailand,THA,1,Connectivity and infrastructure,Analysis,Mobile internet trends,GSMA,https://www.gsma.com/r/somic/,2
Thailand,THA,1,Connectivity and infrastructure,Analysis,Global indicators & benchmarks,ITU,https://www.itu.int/en/ITU-D/Statistics/pages/facts/default.aspx,2
Thailand,THA,3,Responsibility and sustainability,Analysis,Digital economy & governance,World Bank,https://www.worldbank.org/en/publication/digital-progress-and-trends-report,2
Thailand,THA,4,Trust and resilience,Analysis,Shutdowns,Access Now,https://www.accessnow.org/wp-content/uploads/2025/02/KeepItOn-2024-Internet-Shutdowns-Annual-Report.pdf,2
Thailand,THA,2,Rights and freedoms,Analysis,Network disruptions & censorship,NetBlocks,https://netblocks.org/reports,2
Thailand,THA,3,Responsibility and sustainability,Analysis,Trends & governance,Internet Society,https://www.internetsociety.org/globalinternetreport/,2
Thailand,THA,3,Responsibility and sustainability,Academic,Platforms governance,Open Reserch Europe,https://doi.org/10.12688/openreseurope.18820.2,4
Togo,TGO,1,Connectivity and infrastructure,Analysis,Resilience & infrastructure,Internet Society,https://pulse.internetsociety.org/en/reports/TG,3
Togo,TGO,4,Trust and resilience,Analysis,Internet resilience,Internet Society,https://pulse.internetsociety.org/en/resilience/TG,3
Togo,TGO,1,Connectivity and infrastructure,Analysis,Mobile connectivity enablers,GSMA,https://www.mobileconnectivityindex.com/assets/excelData/MCI_data_2025.xlsx,3
Togo,TGO,1,Connectivity and infrastructure,Analysis,Mobile internet trends,GSMA,https://www.gsma.com/r/somic/,3
Togo,TGO,1,Connectivity and infrastructure,Analysis,Global indicators & benchmarks,ITU,https://www.itu.int/en/ITU-D/Statistics/pages/facts/default.aspx,3
Togo,TGO,3,Responsibility and sustainability,Analysis,Digital economy & governance,World Bank,https://www.worldbank.org/en/publication/digital-progress-and-trends-report,3
Togo,TGO,4,Trust and resilience,Analysis,Shutdowns,Access Now,https://www.accessnow.org/wp-content/uploads/2025/02/KeepItOn-2024-Internet-Shutdowns-Annual-Report.pdf,3
Togo,TGO,2,Rights and freedoms,Analysis,Network disruptions & censorship,NetBlocks,https://netblocks.org/reports,3
Tunisia,TUN,1,Connectivity and infrastructure,Analysis,Resilience & infrastructure,Internet Society,https://pulse.internetsociety.org/en/reports/TN,2
Tunisia,TUN,4,Trust and resilience,Analysis,Internet resilience,Internet Society,https://pulse.internetsociety.org/en/resilience/TN,2
Tunisia,TUN,2,Rights and freedoms,Analysis,Digital rights,Freedom House,https://freedomhouse.org/country/tunisia/freedom-net/2024,2
Tunisia,TUN,1,Connectivity and infrastructure,Analysis,Mobile connectivity enablers,GSMA,https://www.mobileconnectivityindex.com/assets/excelData/MCI_data_2025.xlsx,2
Tunisia,TUN,1,Connectivity and infrastructure,Analysis,Mobile internet trends,GSMA,https://www.gsma.com/r/somic/,2
Tunisia,TUN,1,Connectivity and infrastructure,Analysis,Global indicators & benchmarks,ITU,https://www.itu.int/en/ITU-D/Statistics/pages/facts/default.aspx,2
Tunisia,TUN,3,Responsibility and sustainability,Analysis,Digital economy & governance,World Bank,https://www.worldbank.org/en/publication/digital-progress-and-trends-report,2
Tunisia,TUN,4,Trust and resilience,Analysis,Shutdowns,Access Now,https://www.accessnow.org/wp-content/uploads/2025/02/KeepItOn-2024-Internet-Shutdowns-Annual-Report.pdf,2
Tunisia,TUN,2,Rights and freedoms,Analysis,Network disruptions & censorship,NetBlocks,https://netblocks.org/reports,2
Tunisia,TUN,3,Responsibility and sustainability,Analysis,Trends & governance,Internet Society,https://www.internetsociety.org/globalinternetreport/,2
Türkiye,TUR,2,Rights and freedoms,Analysis,"Blocking, takedowns, legal landscape",Free Web Turkey,https://www.freewebturkey.com/images/Free%20Web%20Turkey%202023%20Internet%20Censorship%20Report.pdf,2
Uganda,UGA,1,Connectivity and infrastructure,Analysis,Resilience & infrastructure,Internet Society,https://pulse.internetsociety.org/en/reports/UG,2
Uganda,UGA,4,Trust and resilience,Analysis,Internet resilience,Internet Society,https://pulse.internetsociety.org/en/resilience/UG,2
Uganda,UGA,2,Rights and freedoms,Analysis,Digital rights,Freedom House,https://freedomhouse.org/country/uganda/freedom-net/2024,2
Uganda,UGA,1,Connectivity and infrastructure,Analysis,Mobile connectivity enablers,GSMA,https://www.mobileconnectivityindex.com/assets/excelData/MCI_data_2025.xlsx,2
Uganda,UGA,1,Connectivity and infrastructure,Analysis,Mobile internet trends,GSMA,https://www.gsma.com/r/somic/,2
Uganda,UGA,1,Connectivity and infrastructure,Analysis,Global indicators & benchmarks,ITU,https://www.itu.int/en/ITU-D/Statistics/pages/facts/default.aspx,2
Uganda,UGA,3,Responsibility and sustainability,Analysis,Digital economy & governance,World Bank,https://www.worldbank.org/en/publication/digital-progress-and-trends-report,2
Uganda,UGA,4,Trust and resilience,Analysis,Shutdowns,Access Now,https://www.accessnow.org/wp-content/uploads/2025/02/KeepItOn-2024-Internet-Shutdowns-Annual-Report.pdf,2
Uganda,UGA,2,Rights and freedoms,Analysis,Network disruptions & censorship,NetBlocks,https://netblocks.org/reports,2
Uganda,UGA,3,Responsibility and sustainability,Analysis,Trends & governance,Internet Society,https://www.internetsociety.org/globalinternetreport/,2
Ukraine,UKR,1,Connectivity and infrastructure,Source,Internet Subvention Program (Ukraine),Government,https://www.kmu.gov.ua/storage/app/sites/1/recoveryrada/eng/digitization-eng.pdf,1
Ukraine,UKR,4,Trust and resilience,Source,Internet Accessibility Standards (Ukraine),GIFI,NA,1
Ukraine,UKR,3,Responsibility and sustainability,Source,Internet Accessibility Standards (Ukraine),GIFI,NA,1
United Kingdom,GBR,2,Rights and freedoms,Source,Online Harms White Paper (UK),Government,https://www.gov.uk/government/consultations/online-harms-white-paper,1
United Kingdom,GBR,4,Trust and resilience,Source,Online Harms White Paper (UK),Government,https://www.gov.uk/government/consultations/online-harms-white-paper,1
United Kingdom,GBR,1,Connectivity and infrastructure,Project,The Shared Rural Network (UK),GIFi,NA,NA
United Kingdom,GBR,3,Responsibility and sustainability,Analysis,Data protection enforcement & policy analysis (UK),Open Rights Group,https://www.openrightsgroup.org/app/uploads/2024/11/Alternative-ICO-Annual-Report-Nov-2024.pdf,2
United Republic of Tanzania,TZA,1,Connectivity and infrastructure,Analysis,Resilience & infrastructure,Internet Society,https://pulse.internetsociety.org/en/reports/TZ,2
United Republic of Tanzania,TZA,4,Trust and resilience,Analysis,Internet resilience,Internet Society,https://pulse.internetsociety.org/en/resilience/TZ,2
United Republic of Tanzania,TZA,2,Rights and freedoms,Analysis,Digital rights,Freedom House,https://freedomhouse.org/country/tanzania/freedom-net/2024,2
United Republic of Tanzania,TZA,1,Connectivity and infrastructure,Analysis,Mobile connectivity enablers,GSMA,https://www.mobileconnectivityindex.com/assets/excelData/MCI_data_2025.xlsx,2
United Republic of Tanzania,TZA,1,Connectivity and infrastructure,Analysis,Mobile internet trends,GSMA,https://www.gsma.com/r/somic/,2
United Republic of Tanzania,TZA,1,Connectivity and infrastructure,Analysis,Global indicators & benchmarks,ITU,https://www.itu.int/en/ITU-D/Statistics/pages/facts/default.aspx,2
United Republic of Tanzania,TZA,3,Responsibility and sustainability,Analysis,Digital economy & governance,World Bank,https://www.worldbank.org/en/publication/digital-progress-and-trends-report,2
United Republic of Tanzania,TZA,4,Trust and resilience,Analysis,Shutdowns,Access Now,https://www.accessnow.org/wp-content/uploads/2025/02/KeepItOn-2024-Internet-Shutdowns-Annual-Report.pdf,2
United Republic of Tanzania,TZA,2,Rights and freedoms,Analysis,Network disruptions & censorship,NetBlocks,https://netblocks.org/reports,2
United Republic of Tanzania,TZA,3,Responsibility and sustainability,Analysis,Trends & governance,Internet Society,https://www.internetsociety.org/globalinternetreport/,2
United Republic of Tanzania,TZA,1,Connectivity and infrastructure,Analysis,Digital transformation journey,Research ICT Africa,https://researchictafrica.net/research/digital-africa-post-the-pandemic-tanzania-report/,3
United States,USA,1,Connectivity and infrastructure,Analysis,Resilience & infrastructure,Internet Society,https://pulse.internetsociety.org/en/reports/US,2
United States,USA,4,Trust and resilience,Analysis,Internet resilience,Internet Society,https://pulse.internetsociety.org/en/resilience/US,2
United States,USA,2,Rights and freedoms,Analysis,Digital rights,Freedom House,https://freedomhouse.org/country/united-states/freedom-net/2024,2
United States,USA,1,Connectivity and infrastructure,Analysis,Mobile connectivity enablers,GSMA,https://www.mobileconnectivityindex.com/assets/excelData/MCI_data_2025.xlsx,2
United States,USA,1,Connectivity and infrastructure,Analysis,Mobile internet trends,GSMA,https://www.gsma.com/r/somic/,2
United States,USA,1,Connectivity and infrastructure,Analysis,Global indicators & benchmarks,ITU,https://www.itu.int/en/ITU-D/Statistics/pages/facts/default.aspx,2
United States,USA,3,Responsibility and sustainability,Analysis,Digital economy & governance,World Bank,https://www.worldbank.org/en/publication/digital-progress-and-trends-report,2
United States,USA,4,Trust and resilience,Analysis,Shutdowns,Access Now,https://www.accessnow.org/wp-content/uploads/2025/02/KeepItOn-2024-Internet-Shutdowns-Annual-Report.pdf,2
United States,USA,2,Rights and freedoms,Analysis,Network disruptions & censorship,NetBlocks,https://netblocks.org/reports,2
United States,USA,3,Responsibility and sustainability,Analysis,Trends & governance,Internet Society,https://www.internetsociety.org/globalinternetreport/,2
United States,USA,4,Trust and resilience,Analysis,US digital rights litigation & policy review,EFF,https://www.eff.org/files/2024/10/07/eff_ar_2023_digital.pdf,2
United States,USA,1,Connectivity and infrastructure,Analysis,The Affordable Connectivity Program (USA),GIFI,NA,1
United States,USA,2,Rights and freedoms,Source,Guidance on Human Rights Defenders on Online Platforms (USA),Government,https://www.state.gov/united-states-releases-guidance-for-online-platforms-on-protecting-human-rights-defenders-online/,1
United States,USA,3,Responsibility and sustainability,Analysis,Iran General License (USA),GIFI,NA,1
United States,USA,4,Trust and resilience,Analysis,Iran General License (USA),GIFI,NA,1
Uruguay,URY,1,Connectivity and infrastructure,Analysis,Resilience & infrastructure,Internet Society,https://pulse.internetsociety.org/en/reports/UY,2
Uruguay,URY,4,Trust and resilience,Analysis,Internet resilience,Internet Society,https://pulse.internetsociety.org/en/resilience/UY,2
Uruguay,URY,2,Rights and freedoms,Analysis,Digital rights,Freedom House,https://freedomhouse.org/country/uruguay/freedom-net/2024,2
Uruguay,URY,1,Connectivity and infrastructure,Analysis,Mobile connectivity enablers,GSMA,https://www.mobileconnectivityindex.com/assets/excelData/MCI_data_2025.xlsx,2
Uruguay,URY,1,Connectivity and infrastructure,Analysis,Mobile internet trends,GSMA,https://www.gsma.com/r/somic/,2
Uruguay,URY,1,Connectivity and infrastructure,Analysis,Global indicators & benchmarks,ITU,https://www.itu.int/en/ITU-D/Statistics/pages/facts/default.aspx,2
Uruguay,URY,3,Responsibility and sustainability,Analysis,Digital economy & governance,World Bank,https://www.worldbank.org/en/publication/digital-progress-and-trends-report,2
Uruguay,URY,4,Trust and resilience,Analysis,Shutdowns,Access Now,https://www.accessnow.org/wp-content/uploads/2025/02/KeepItOn-2024-Internet-Shutdowns-Annual-Report.pdf,2
Uruguay,URY,2,Rights and freedoms,Analysis,Network disruptions & censorship,NetBlocks,https://netblocks.org/reports,2
Uruguay,URY,3,Responsibility and sustainability,Project,Project Ceibal (Uruguay),GIFI,NA,1
Venezuela,VEN,1,Connectivity and infrastructure,Analysis,Resilience & infrastructure,Internet Society,https://pulse.internetsociety.org/en/reports/VE,2
Venezuela,VEN,4,Trust and resilience,Analysis,Internet resilience,Internet Society,https://pulse.internetsociety.org/en/resilience/VE,2
Venezuela,VEN,2,Rights and freedoms,Analysis,Digital rights,Freedom House,https://freedomhouse.org/report/freedom-net/2024/global-findings,2
Venezuela,VEN,1,Connectivity and infrastructure,Analysis,Mobile connectivity enablers,GSMA,https://www.mobileconnectivityindex.com/assets/excelData/MCI_data_2025.xlsx,2
Venezuela,VEN,1,Connectivity and infrastructure,Analysis,Mobile internet trends,GSMA,https://www.gsma.com/r/somic/,2
Venezuela,VEN,1,Connectivity and infrastructure,Analysis,Global indicators & benchmarks,ITU,https://www.itu.int/en/ITU-D/Statistics/pages/facts/default.aspx,2
Venezuela,VEN,3,Responsibility and sustainability,Analysis,Digital economy & governance,World Bank,https://www.worldbank.org/en/publication/digital-progress-and-trends-report,2
Venezuela,VEN,4,Trust and resilience,Analysis,Shutdowns,Access Now,https://www.accessnow.org/wp-content/uploads/2025/02/KeepItOn-2024-Internet-Shutdowns-Annual-Report.pdf,2
Venezuela,VEN,2,Rights and freedoms,Analysis,Network disruptions & censorship,NetBlocks,https://netblocks.org/reports,2
Uruguay,URY,3,Responsibility and sustainability,Analysis,Trends & governance,Internet Society,https://www.internetsociety.org/globalinternetreport/,2
Vietnam,VNM,1,Connectivity and infrastructure,Analysis,Resilience & infrastructure,Internet Society,https://pulse.internetsociety.org/en/reports/VN,2
Vietnam,VNM,4,Trust and resilience,Analysis,Internet resilience,Internet Society,https://pulse.internetsociety.org/en/resilience/VN,2
Vietnam,VNM,2,Rights and freedoms,Analysis,Digital rights,Freedom House,https://freedomhouse.org/country/vietnam/freedom-net/2024,2
Vietnam,VNM,1,Connectivity and infrastructure,Analysis,Mobile connectivity enablers,GSMA,https://www.mobileconnectivityindex.com/assets/excelData/MCI_data_2025.xlsx,2
Vietnam,VNM,1,Connectivity and infrastructure,Analysis,Mobile internet trends,GSMA,https://www.gsma.com/r/somic/,2
Vietnam,VNM,1,Connectivity and infrastructure,Analysis,Global indicators & benchmarks,ITU,https://www.itu.int/en/ITU-D/Statistics/pages/facts/default.aspx,2
Vietnam,VNM,3,Responsibility and sustainability,Analysis,Digital economy & governance,World Bank,https://www.worldbank.org/en/publication/digital-progress-and-trends-report,2
Vietnam,VNM,4,Trust and resilience,Analysis,Shutdowns,Access Now,https://www.accessnow.org/wp-content/uploads/2025/02/KeepItOn-2024-Internet-Shutdowns-Annual-Report.pdf,2
Vietnam,VNM,2,Rights and freedoms,Analysis,Network disruptions & censorship,NetBlocks,https://netblocks.org/reports,2
Vietnam,VNM,3,Responsibility and sustainability,Analysis,Trends & governance,Internet Society,https://www.internetsociety.org/globalinternetreport/,2
Vietnam,VNM,4,Trust and resilience,Analysis,Elections & disinformation,LirneAsia,https://lirneasia.net/2024/10/report-on-election-misinformation-in-vietnam/,3
Zambia,ZMB,1,Connectivity and infrastructure,Analysis,Resilience & infrastructure,Internet Society,https://pulse.internetsociety.org/en/reports/ZM,3
Zambia,ZMB,4,Trust and resilience,Analysis,Internet resilience,Internet Society,https://pulse.internetsociety.org/en/resilience/ZM,3
Zambia,ZMB,1,Connectivity and infrastructure,Analysis,Mobile connectivity enablers,GSMA,https://www.mobileconnectivityindex.com/assets/excelData/MCI_data_2025.xlsx,3
Zambia,ZMB,1,Connectivity and infrastructure,Analysis,Mobile internet trends,GSMA,https://www.gsma.com/r/somic/,3
Zambia,ZMB,1,Connectivity and infrastructure,Analysis,Global indicators & benchmarks,ITU,https://www.itu.int/en/ITU-D/Statistics/pages/facts/default.aspx,3
Zambia,ZMB,3,Responsibility and sustainability,Analysis,Digital economy & governance,World Bank,https://www.worldbank.org/en/publication/digital-progress-and-trends-report,3
Zambia,ZMB,4,Trust and resilience,Analysis,Shutdowns,Access Now,https://www.accessnow.org/wp-content/uploads/2025/02/KeepItOn-2024-Internet-Shutdowns-Annual-Report.pdf,3
Zambia,ZMB,2,Rights and freedoms,Analysis,Network disruptions & censorship,NetBlocks,https://netblocks.org/reports,3
Zimbabwe,ZWE,1,Connectivity and infrastructure,Analysis,Resilience & infrastructure,Internet Society,https://pulse.internetsociety.org/en/reports/ZW,3
Zimbabwe,ZWE,4,Trust and resilience,Analysis,Internet resilience,Internet Society,https://pulse.internetsociety.org/en/resilience/ZW,3
Zimbabwe,ZWE,1,Connectivity and infrastructure,Analysis,Mobile connectivity enablers,GSMA,https://www.mobileconnectivityindex.com/assets/excelData/MCI_data_2025.xlsx,3
Zimbabwe,ZWE,1,Connectivity and infrastructure,Analysis,Mobile internet trends,GSMA,https://www.gsma.com/r/somic/,3
Zimbabwe,ZWE,1,Connectivity and infrastructure,Analysis,Global indicators & benchmarks,ITU,https://www.itu.int/en/ITU-D/Statistics/pages/facts/default.aspx,3
Zimbabwe,ZWE,3,Responsibility and sustainability,Analysis,Digital economy & governance,World Bank,https://www.worldbank.org/en/publication/digital-progress-and-trends-report,3
Zimbabwe,ZWE,4,Trust and resilience,Analysis,Shutdowns,Access Now,https://www.accessnow.org/wp-content/uploads/2025/02/KeepItOn-2024-Internet-Shutdowns-Annual-Report.pdf,3
Zimbabwe,ZWE,2,Rights and freedoms,Analysis,Network disruptions & censorship,NetBlocks,https://netblocks.org/reports,3
Global,GLO,2,Rights and freedoms,Academic,Transnational repression,Journal of Democracy,https://www.journalofdemocracy.org/articles/the-golden-age-of-transnational-repression/,NA
Global,GLO,2,Rights and freedoms,Analysis,Digital authoritarianism (Global),Berggruen Institute,https://cdn.sanity.io/files/9xbysn2u/production/4d7f42a888168a1d66292f26cdc50b5e3ff8d698.pdf,1
Global,GLO,2,Rights and freedoms,Analysis,Anti-censorship technologies (Global),GIFI,https://globalgovernanceprogramme.eui.eu/gifi/eui-freedom-house-report-on-anti-censorship-tools-and-end-to-end-encryption/,1
Global,GLO,1,Connectivity and infrastructure,Analysis,Anti-censorship technologies (Global),GIFI,https://globalgovernanceprogramme.eui.eu/gifi/eui-freedom-house-report-on-anti-censorship-tools-and-end-to-end-encryption/,1
Global,GLO,2,Rights and freedoms,Analysis,Freedom on the Net 2024 (Global),Freedom House,https://freedomhouse.org/sites/default/files/2024-10/FREEDOM-ON-THE-NET-2024-DIGITAL-BOOKLET.pdf,1
Global,GLO,3,Responsibility and sustainability,Academic,Digital sovereignty,JCLS,https://doi.org/10.18311/JCLS/2025/v2i4/53913,4
Global,GLO,3,Responsibility and sustainability,Academic,Authoritarian collaboration,Democratization,https://doi.org/10.1080/13510347.2024.2442377,4
Global,GLO,4,Trust and resilience,Academic,Transnational repression,JCLQ,https://doi.org/10.1017/S0020589323000532,4
Global,GLO,2,Rights and freedoms,Academic,Transnational repression,EJIS,https://doi.org/10.1017/eis.2022.27,4
Asia,ASI,3,Responsibility and sustainability,Academic,Platforms governance,Open Reserch Europe,https://doi.org/10.12688/openreseurope.18820.2,4
Africa,AFR,3,Responsibility and sustainability,Analysis,Political economy of AI,Research ICT Africa,https://researchictafrica.net/research/a-new-primer-on-the-political-economy-of-african-ai/,3
Africa,AFR,3,Responsibility and sustainability,Analysis,AI and democracy,Research ICT Africa,https://researchictafrica.net/research/how-might-ai-reshape-democracy-on-the-african-continent/,3
Africa,AFR,3,Responsibility and sustainability,Analysis,Data access and policies,Research ICT Africa,https://researchictafrica.net/research/towards-an-african-alliance-for-meaningful-access-to-intermediaries-data-holdings/,3
Africa,AFR,3,Responsibility and sustainability,Analysis,Cross-border data flows,Research ICT Africa,https://researchictafrica.net/research/cross-border-data-flows-in-africa-an-analysis-of-the-alignment-with-afcfta/,3
Africa,AFR,1,Connectivity and infrastructure,Analysis,Digital inclusion,Research ICT Africa,https://researchictafrica.net/research/policy-regulatory-and-industry-responses-to-demand-side-constraints-on-digital-cnclusion/,3
Africa,AFR,2,Rights and freedoms,Analysis,Internet freedoms in Africa,CIPESA,https://cipesa.org/download/reports/SIFA23_Report.pdf,3
Africa,AFR,2,Rights and freedoms,Analysis,LONDA 2023/2024: Digital Rights in Africa,Paradigm,https://paradigmhq.org/londa/,3
Europe,EUR,2,Rights and freedoms,Analysis,Digital rights in Europe,EDRI,https://edri.org/our-work/edri-annual-report-2024-reinforcing-digital-rights-and-justice-in-uncertain-times/,3
Europe,EUR,3,Responsibility and sustainability,Analysis,Surveillance exports,HRW,https://www.hrw.org/report/2026/05/12/looking-the-other-way/eu-failure-to-prevent-surveillance-exports-to-rights,4
Europe,EUR,3,Responsibility and sustainability,Academic,Dual-use regulation,Defence Studies,https://doi.org/10.1080/14702436.2023.2277455,4
